Chironomidae;;;;;;;;;;;;;;;;;;;
Suberitidae;;;;;;;;;;;;;;;;;;;
Philotarsidae;;;;;;;;;;;;;;;;;;;
Pyramidellidae;;;;;;;;;;;;;;;;;;;
Eriophyidae;;;;;;;;;;;;;;;;;;;
Carabidae;;;;;;;;;;;;;;;;;;;
Linyphiidae;;;;;;;;;;;;;;;;;;;
Antennariidae;;;;;;;;;;;;;;;;;;;
Arenicolidae;;;;;;;;;;;;;;;;;;;
Travuniidae;;;;;;;;;;;;;;;;;;;
Schizasteridae;;;;;;;;;;;;;;;;;;;
Physalopteridae;;;;;;;;;;;;;;;;;;;
Melandryidae;;;;;;;;;;;;;;;;;;;
Staphylinidae;;;;;;;;;;;;;;;;;;;
Cimbicidae;;;;;;;;;;;;;;;;;;;
Chondrinidae;;;;;;;;;;;;;;;;;;;
Sertulariidae;;;;;;;;;;;;;;;;;;;
Silphidae;;;;;;;;;;;;;;;;;;;
Pteromalidae;;;;;;;;;;;;;;;;;;;
Rhabditidae;;;;;;;;;;;;;;;;;;;
Scincidae;;;;;;;;;;;;;;;;;;;
Scydmaenidae;;;;;;;;;;;;;;;;;;;
Aphelinidae;;;;;;;;;;;;;;;;;;;
Melitidae;;;;;;;;;;;;;;;;;;;
Trombiculidae;;;;;;;;;;;;;;;;;;;
Anisolabididae;;;;;;;;;;;;;;;;;;;
Triaenophoridae;;;;;;;;;;;;;;;;;;;
Semelidae;;;;;;;;;;;;;;;;;;;
Conopidae;;;;;;;;;;;;;;;;;;;
Histeridae;;;;;;;;;;;;;;;;;;;
Enoploteuthidae;;;;;;;;;;;;;;;;;;;
Cyprinidae;;;;;;;;;;;;;;;;;;;
Geometridae;;;;;;;;;;;;;;;;;;;
Tortricidae;;;;;;;;;;;;;;;;;;;
Philodinavidae;;;;;;;;;;;;;;;;;;;
Erythraeidae;;;;;;;;;;;;;;;;;;;
Bothrideridae;;;;;;;;;;;;;;;;;;;
Anguidae;;;;;;;;;;;;;;;;;;;
Noctuidae;;;;;;;;;;;;;;;;;;;
Onychiuridae;;;;;;;;;;;;;;;;;;;
Erirhinidae;;;;;;;;;;;;;;;;;;;
Ichneumonidae;;;;;;;;;;;;;;;;;;;
Pomacentridae;;;;;;;;;;;;;;;;;;;
Abylidae;;;;;;;;;;;;;;;;;;;
Corellidae;;;;;;;;;;;;;;;;;;;
Tubificidae;;;;;;;;;;;;;;;;;;;
Naididae;;;;;;;;;;;;;;;;;;;
Abyssochrysidae;;;;;;;;;;;;;;;;;;;
Cucumariidae;;;;;;;;;;;;;;;;;;;
Lumbrineridae;;;;;;;;;;;;;;;;;;;
Uristidae;;;;;;;;;;;;;;;;;;;
Sabelliphilidae;;;;;;;;;;;;;;;;;;;
Porcellionidae;;;;;;;;;;;;;;;;;;;
Psyllidae;;;;;;;;;;;;;;;;;;;
Curculionidae;;;;;;;;;;;;;;;;;;;
Tingidae;;;;;;;;;;;;;;;;;;;
Acalyptonotidae;;;;;;;;;;;;;;;;;;;
Nepticulidae;;;;;;;;;;;;;;;;;;;
Braconidae;;;;;;;;;;;;;;;;;;;
Keratoisididae;;;;;;;;;;;;;;;;;;;
Diapriidae;;;;;;;;;;;;;;;;;;;
Myrmeleontidae;;;;;;;;;;;;;;;;;;;
Acrididae;;;;;;;;;;;;;;;;;;;
Lecithodendriidae;;;;;;;;;;;;;;;;;;;
Dictyonellidae;;;;;;;;;;;;;;;;;;;
Chaenopsidae;;;;;;;;;;;;;;;;;;;
Acanthephyridae;;;;;;;;;;;;;;;;;;;
Raspailiidae;;;;;;;;;;;;;;;;;;;
Polynoidae;;;;;;;;;;;;;;;;;;;
Valloniidae;;;;;;;;;;;;;;;;;;;
Tephritidae;;;;;;;;;;;;;;;;;;;
Fringillidae;;;;;;;;;;;;;;;;;;;
Acanthobdellidae;;;;;;;;;;;;;;;;;;;
Aphodiidae;;;;;;;;;;;;;;;;;;;
Scarabaeidae;;;;;;;;;;;;;;;;;;;
Onchobothriidae;;;;;;;;;;;;;;;;;;;
Brahmaeidae;;;;;;;;;;;;;;;;;;;
Chrysomelidae;;;;;;;;;;;;;;;;;;;
Cardiidae;;;;;;;;;;;;;;;;;;;
Calappidae;;;;;;;;;;;;;;;;;;;
Arhythmacanthidae;;;;;;;;;;;;;;;;;;;
Echinorhynchidae;;;;;;;;;;;;;;;;;;;
Stephanoberycidae;;;;;;;;;;;;;;;;;;;
Onchocercidae;;;;;;;;;;;;;;;;;;;
Acanthocheilidae;;;;;;;;;;;;;;;;;;;
Phylloxeridae;;;;;;;;;;;;;;;;;;;
Acanthochitonidae;;;;;;;;;;;;;;;;;;;
Chondracanthidae;;;;;;;;;;;;;;;;;;;
Cerambycidae;;;;;;;;;;;;;;;;;;;
Dilepididae;;;;;;;;;;;;;;;;;;;
Scathophagidae;;;;;;;;;;;;;;;;;;;
Acanthocnemidae;;;;;;;;;;;;;;;;;;;
Eriococcidae;;;;;;;;;;;;;;;;;;;
Munnopsidae;;;;;;;;;;;;;;;;;;;
Acanthocotylidae;;;;;;;;;;;;;;;;;;;
Neobisiidae;;;;;;;;;;;;;;;;;;;
Scombridae;;;;;;;;;;;;;;;;;;;
Cyclopidae;;;;;;;;;;;;;;;;;;;
Trachyleberididae;;;;;;;;;;;;;;;;;;;
Lacertidae;;;;;;;;;;;;;;;;;;;
Thaumastodermatidae;;;;;;;;;;;;;;;;;;;
Delphacidae;;;;;;;;;;;;;;;;;;;
Diaptomidae;;;;;;;;;;;;;;;;;;;
Onchidorididae;;;;;;;;;;;;;;;;;;;
Geophilidae;;;;;;;;;;;;;;;;;;;
Nitidulidae;;;;;;;;;;;;;;;;;;;
Acanthogorgiidae;;;;;;;;;;;;;;;;;;;
Gryllidae;;;;;;;;;;;;;;;;;;;
Quadrigyridae;;;;;;;;;;;;;;;;;;;
Julidae;;;;;;;;;;;;;;;;;;;
Labridae;;;;;;;;;;;;;;;;;;;
Chromadoridae;;;;;;;;;;;;;;;;;;;
Macrothricidae;;;;;;;;;;;;;;;;;;;
Heleomyzidae;;;;;;;;;;;;;;;;;;;
Erebidae;;;;;;;;;;;;;;;;;;;
Lycosidae;;;;;;;;;;;;;;;;;;;
Pamphiliidae;;;;;;;;;;;;;;;;;;;
Dolichomacrostomidae;;;;;;;;;;;;;;;;;;;
Dolichocybidae;;;;;;;;;;;;;;;;;;;
Dendrotionidae;;;;;;;;;;;;;;;;;;;
Mysidae;;;;;;;;;;;;;;;;;;;
Diaspididae;;;;;;;;;;;;;;;;;;;
Cyatholaimidae;;;;;;;;;;;;;;;;;;;
Acanthonotozomatidae;;;;;;;;;;;;;;;;;;;
Epialtidae;;;;;;;;;;;;;;;;;;;
Echinostomatidae;;;;;;;;;;;;;;;;;;;
Schizopetalidae;;;;;;;;;;;;;;;;;;;
Desmodoridae;;;;;;;;;;;;;;;;;;;
Chitonidae;;;;;;;;;;;;;;;;;;;
Psychidae;;;;;;;;;;;;;;;;;;;
Scinidae;;;;;;;;;;;;;;;;;;;
Theraphosidae;;;;;;;;;;;;;;;;;;;
Acanthosomatidae;;;;;;;;;;;;;;;;;;;
Oedicerotidae;;;;;;;;;;;;;;;;;;;
Cryptogonimidae;;;;;;;;;;;;;;;;;;;
Ostraciidae;;;;;;;;;;;;;;;;;;;
Phlaeothripidae;;;;;;;;;;;;;;;;;;;
Heterophyidae;;;;;;;;;;;;;;;;;;;
Myriotrochidae;;;;;;;;;;;;;;;;;;;
Tydeidae;;;;;;;;;;;;;;;;;;;
Phasmatidae;;;;;;;;;;;;;;;;;;;
Acanthuridae;;;;;;;;;;;;;;;;;;;
Tarsonemidae;;;;;;;;;;;;;;;;;;;
Acarnidae;;;;;;;;;;;;;;;;;;;
Halacaridae;;;;;;;;;;;;;;;;;;;
Acaronychidae;;;;;;;;;;;;;;;;;;;
Acarophenacidae;;;;;;;;;;;;;;;;;;;
Acartiidae;;;;;;;;;;;;;;;;;;;
Acartophthalmidae;;;;;;;;;;;;;;;;;;;
Archaeobalanidae;;;;;;;;;;;;;;;;;;;
Aleyrodidae;;;;;;;;;;;;;;;;;;;
Aphididae;;;;;;;;;;;;;;;;;;;
Acaulidae;;;;;;;;;;;;;;;;;;;
Accacoeliidae;;;;;;;;;;;;;;;;;;;
Tenebrionidae;;;;;;;;;;;;;;;;;;;
Accipitridae;;;;;;;;;;;;;;;;;;;
Tachinidae;;;;;;;;;;;;;;;;;;;
Baetidae;;;;;;;;;;;;;;;;;;;
Crambidae;;;;;;;;;;;;;;;;;;;
Apionidae;;;;;;;;;;;;;;;;;;;
Eulophidae;;;;;;;;;;;;;;;;;;;
Pionidae;;;;;;;;;;;;;;;;;;;
Acerentomidae;;;;;;;;;;;;;;;;;;;
Cecidomyiidae;;;;;;;;;;;;;;;;;;;
Cicadellidae;;;;;;;;;;;;;;;;;;;
Platygastridae;;;;;;;;;;;;;;;;;;;
Euryleptidae;;;;;;;;;;;;;;;;;;;
Cestoplanidae;;;;;;;;;;;;;;;;;;;
Paradoxostomatidae;;;;;;;;;;;;;;;;;;;
Miridae;;;;;;;;;;;;;;;;;;;
Theridiidae;;;;;;;;;;;;;;;;;;;
Enchytraeidae;;;;;;;;;;;;;;;;;;;
Inachidae;;;;;;;;;;;;;;;;;;;
Encyrtidae;;;;;;;;;;;;;;;;;;;
Dolichopodidae;;;;;;;;;;;;;;;;;;;
Muscidae;;;;;;;;;;;;;;;;;;;
Ammotheidae;;;;;;;;;;;;;;;;;;;
Portunidae;;;;;;;;;;;;;;;;;;;
Hypogastruridae;;;;;;;;;;;;;;;;;;;
Acherontacaridae;;;;;;;;;;;;;;;;;;;
Sphingidae;;;;;;;;;;;;;;;;;;;
Achipteriidae;;;;;;;;;;;;;;;;;;;
Achiropsettidae;;;;;;;;;;;;;;;;;;;
Drepanidae;;;;;;;;;;;;;;;;;;;
Elpidiidae;;;;;;;;;;;;;;;;;;;
Convolutidae;;;;;;;;;;;;;;;;;;;
Pyralidae;;;;;;;;;;;;;;;;;;;
Achromadoridae;;;;;;;;;;;;;;;;;;;
Lernaeopodidae;;;;;;;;;;;;;;;;;;;
Limoniidae;;;;;;;;;;;;;;;;;;;
Aciculidae;;;;;;;;;;;;;;;;;;;
Philopteridae;;;;;;;;;;;;;;;;;;;
Acidostomatidae;;;;;;;;;;;;;;;;;;;
Dytiscidae;;;;;;;;;;;;;;;;;;;
Pamphagidae;;;;;;;;;;;;;;;;;;;
Felidae;;;;;;;;;;;;;;;;;;;
Acipenseridae;;;;;;;;;;;;;;;;;;;
Blaniulidae;;;;;;;;;;;;;;;;;;;
Epitoniidae;;;;;;;;;;;;;;;;;;;
Anthomyiidae;;;;;;;;;;;;;;;;;;;
Endomychidae;;;;;;;;;;;;;;;;;;;
Aclerdidae;;;;;;;;;;;;;;;;;;;
Parasitidae;;;;;;;;;;;;;;;;;;;
Drosophilidae;;;;;;;;;;;;;;;;;;;
Eulimidae;;;;;;;;;;;;;;;;;;;
Buprestidae;;;;;;;;;;;;;;;;;;;
Paraonidae;;;;;;;;;;;;;;;;;;;
Plagiostomidae;;;;;;;;;;;;;;;;;;;
Mycetophilidae;;;;;;;;;;;;;;;;;;;
Asilidae;;;;;;;;;;;;;;;;;;;
Odontasteridae;;;;;;;;;;;;;;;;;;;
Acoleidae;;;;;;;;;;;;;;;;;;;
Anthocoridae;;;;;;;;;;;;;;;;;;;
Gelechiidae;;;;;;;;;;;;;;;;;;;
Lygaeidae;;;;;;;;;;;;;;;;;;;
Rhyparochromidae;;;;;;;;;;;;;;;;;;;
Muridae;;;;;;;;;;;;;;;;;;;
Asterocheridae;;;;;;;;;;;;;;;;;;;
Eurypauropodidae;;;;;;;;;;;;;;;;;;;
Cossidae;;;;;;;;;;;;;;;;;;;
Cletodidae;;;;;;;;;;;;;;;;;;;
Sturnidae;;;;;;;;;;;;;;;;;;;
Acrobatidae;;;;;;;;;;;;;;;;;;;
Cephalobidae;;;;;;;;;;;;;;;;;;;
Bopyridae;;;;;;;;;;;;;;;;;;;
Paracalanidae;;;;;;;;;;;;;;;;;;;
Acrocephalidae;;;;;;;;;;;;;;;;;;;
Sylviidae;;;;;;;;;;;;;;;;;;;
Acroceridae;;;;;;;;;;;;;;;;;;;
Gracillariidae;;;;;;;;;;;;;;;;;;;
Typhloplanidae;;;;;;;;;;;;;;;;;;;
Trachygonidae;;;;;;;;;;;;;;;;;;;
Acrocirridae;;;;;;;;;;;;;;;;;;;
Amphiuridae;;;;;;;;;;;;;;;;;;;
Galumnidae;;;;;;;;;;;;;;;;;;;
Glyphipterigidae;;;;;;;;;;;;;;;;;;;
Acroloxidae;;;;;;;;;;;;;;;;;;;
Phaneropteridae;;;;;;;;;;;;;;;;;;;
Tettigoniidae;;;;;;;;;;;;;;;;;;;
Chamaemyiidae;;;;;;;;;;;;;;;;;;;
Palpatores;;;;;;;;;;;;;;;;;;;
Elaphonematidae;;;;;;;;;;;;;;;;;;;
Chydoridae;;;;;;;;;;;;;;;;;;;
Eurycercidae;;;;;;;;;;;;;;;;;;;
Limnephilidae;;;;;;;;;;;;;;;;;;;
Acroporidae;;;;;;;;;;;;;;;;;;;
Formicidae;;;;;;;;;;;;;;;;;;;
Polycystididae;;;;;;;;;;;;;;;;;;;
Therevidae;;;;;;;;;;;;;;;;;;;
Pentatomidae;;;;;;;;;;;;;;;;;;;
Diplogastridae;;;;;;;;;;;;;;;;;;;
Ptiliidae;;;;;;;;;;;;;;;;;;;
Euphthiracaridae;;;;;;;;;;;;;;;;;;;
Lafoeidae;;;;;;;;;;;;;;;;;;;
Trichoniscidae;;;;;;;;;;;;;;;;;;;
Actaletidae;;;;;;;;;;;;;;;;;;;
Elateridae;;;;;;;;;;;;;;;;;;;
Meloidae;;;;;;;;;;;;;;;;;;;
Ctenophthalmidae;;;;;;;;;;;;;;;;;;;
Piophilidae;;;;;;;;;;;;;;;;;;;
Tornatinidae;;;;;;;;;;;;;;;;;;;
Acteonidae;;;;;;;;;;;;;;;;;;;
Halcampoididae;;;;;;;;;;;;;;;;;;;
Saturniidae;;;;;;;;;;;;;;;;;;;
Stratiomyidae;;;;;;;;;;;;;;;;;;;
Tanarctidae;;;;;;;;;;;;;;;;;;;
Hormathiidae;;;;;;;;;;;;;;;;;;;
Hygromiidae;;;;;;;;;;;;;;;;;;;
Geomitridae;;;;;;;;;;;;;;;;;;;
Actinernidae;;;;;;;;;;;;;;;;;;;
Actiniidae;;;;;;;;;;;;;;;;;;;
Ancyrocephalidae;;;;;;;;;;;;;;;;;;;
Actinoposthiidae;;;;;;;;;;;;;;;;;;;
Holothuriidae;;;;;;;;;;;;;;;;;;;
Actinoscyphiidae;;;;;;;;;;;;;;;;;;;
Actinostolidae;;;;;;;;;;;;;;;;;;;
Sagartiidae;;;;;;;;;;;;;;;;;;;
Scolopacidae;;;;;;;;;;;;;;;;;;;
Ephydridae;;;;;;;;;;;;;;;;;;;
Menoponidae;;;;;;;;;;;;;;;;;;;
Acuariidae;;;;;;;;;;;;;;;;;;;
Laophontopsidae;;;;;;;;;;;;;;;;;;;
Araneidae;;;;;;;;;;;;;;;;;;;
Hypsibiidae;;;;;;;;;;;;;;;;;;;
Atrochidae;;;;;;;;;;;;;;;;;;;
Gobiesocidae;;;;;;;;;;;;;;;;;;;
Agneziidae;;;;;;;;;;;;;;;;;;;
Pterophoridae;;;;;;;;;;;;;;;;;;;
Coccinellidae;;;;;;;;;;;;;;;;;;;
Tenthredinidae;;;;;;;;;;;;;;;;;;;
Annulariidae;;;;;;;;;;;;;;;;;;;
Adamystidae;;;;;;;;;;;;;;;;;;;
Pyrgotidae;;;;;;;;;;;;;;;;;;;
Neanuridae;;;;;;;;;;;;;;;;;;;
Addisoniidae;;;;;;;;;;;;;;;;;;;
Adelidae;;;;;;;;;;;;;;;;;;;
Adelgidae;;;;;;;;;;;;;;;;;;;
Leiodidae;;;;;;;;;;;;;;;;;;;
Adelphacaridae;;;;;;;;;;;;;;;;;;;
Proporidae;;;;;;;;;;;;;;;;;;;
Diphyllobothriidae;;;;;;;;;;;;;;;;;;;
Mydonomidae;;;;;;;;;;;;;;;;;;;
Glomeridae;;;;;;;;;;;;;;;;;;;
Solenopharyngidae;;;;;;;;;;;;;;;;;;;
Promesostomidae;;;;;;;;;;;;;;;;;;;
Adeonidae;;;;;;;;;;;;;;;;;;;
Ampharetidae;;;;;;;;;;;;;;;;;;;
Aderidae;;;;;;;;;;;;;;;;;;;
[unassigned]_Seguenzioidea;;;;;;;;;;;;;;;;;;;
Leptoceridae;;;;;;;;;;;;;;;;;;;
Adinetidae;;;;;;;;;;;;;;;;;;;
Hemiuridae;;;;;;;;;;;;;;;;;;;
Latridiidae;;;;;;;;;;;;;;;;;;;
Cancellariidae;;;;;;;;;;;;;;;;;;;
Cydnidae;;;;;;;;;;;;;;;;;;;
Oncholaimidae;;;;;;;;;;;;;;;;;;;
Eresidae;;;;;;;;;;;;;;;;;;;
Torymidae;;;;;;;;;;;;;;;;;;;
Thyasiridae;;;;;;;;;;;;;;;;;;;
Rutelidae;;;;;;;;;;;;;;;;;;;
Oribatellidae;;;;;;;;;;;;;;;;;;;
Liacaridae;;;;;;;;;;;;;;;;;;;
Macrobiotidae;;;;;;;;;;;;;;;;;;;
Hemiasterellidae;;;;;;;;;;;;;;;;;;;
Hydrobiidae;;;;;;;;;;;;;;;;;;;
Zygaenidae;;;;;;;;;;;;;;;;;;;
Culicidae;;;;;;;;;;;;;;;;;;;
Aegidae;;;;;;;;;;;;;;;;;;;
Buthidae;;;;;;;;;;;;;;;;;;;
Crangonidae;;;;;;;;;;;;;;;;;;;
Aegialoalaimidae;;;;;;;;;;;;;;;;;;;
Figitidae;;;;;;;;;;;;;;;;;;;
Aeginidae;;;;;;;;;;;;;;;;;;;
Caprellidae;;;;;;;;;;;;;;;;;;;
Aegiridae;;;;;;;;;;;;;;;;;;;
Aegisthidae;;;;;;;;;;;;;;;;;;;
Aegithalidae;;;;;;;;;;;;;;;;;;;
Strigidae;;;;;;;;;;;;;;;;;;;
Oxychilidae;;;;;;;;;;;;;;;;;;;
Zonitidae;;;;;;;;;;;;;;;;;;;
Tenuipalpidae;;;;;;;;;;;;;;;;;;;
Salticidae;;;;;;;;;;;;;;;;;;;
Angiostrongylidae;;;;;;;;;;;;;;;;;;;
Phoridae;;;;;;;;;;;;;;;;;;;
Aeolidiidae;;;;;;;;;;;;;;;;;;;
Centriscidae;;;;;;;;;;;;;;;;;;;
Aeolosomatidae;;;;;;;;;;;;;;;;;;;
Aeolothripidae;;;;;;;;;;;;;;;;;;;
Aepophilidae;;;;;;;;;;;;;;;;;;;
Pectinidae;;;;;;;;;;;;;;;;;;;
Aequoreidae;;;;;;;;;;;;;;;;;;;
Aeropsidae;;;;;;;;;;;;;;;;;;;
Lucanidae;;;;;;;;;;;;;;;;;;;
Aeshnidae;;;;;;;;;;;;;;;;;;;
Tibicinidae;;;;;;;;;;;;;;;;;;;
Gabuciniidae;;;;;;;;;;;;;;;;;;;
Aeteidae;;;;;;;;;;;;;;;;;;;
Lineidae;;;;;;;;;;;;;;;;;;;
Alcidae;;;;;;;;;;;;;;;;;;;
Aetholaimidae;;;;;;;;;;;;;;;;;;;
Aethozoidae;;;;;;;;;;;;;;;;;;;
Aetideidae;;;;;;;;;;;;;;;;;;;
Myliobatidae;;;;;;;;;;;;;;;;;;;
Heptageniidae;;;;;;;;;;;;;;;;;;;
Actinolaimidae;;;;;;;;;;;;;;;;;;;
Megachilidae;;;;;;;;;;;;;;;;;;;
Apidae;;;;;;;;;;;;;;;;;;;
Sclerodactylidae;;;;;;;;;;;;;;;;;;;
Dorylaimidae;;;;;;;;;;;;;;;;;;;
Laophontidae;;;;;;;;;;;;;;;;;;;
Pinnotheridae;;;;;;;;;;;;;;;;;;;
Ocypodidae;;;;;;;;;;;;;;;;;;;
Agalmatidae;;;;;;;;;;;;;;;;;;;
Issidae;;;;;;;;;;;;;;;;;;;
Mermithidae;;;;;;;;;;;;;;;;;;;
Glossosomatidae;;;;;;;;;;;;;;;;;;;
Psittaculidae;;;;;;;;;;;;;;;;;;;
Argnidae;;;;;;;;;;;;;;;;;;;
Agariciidae;;;;;;;;;;;;;;;;;;;
Platypezidae;;;;;;;;;;;;;;;;;;;
Agathotanaidae;;;;;;;;;;;;;;;;;;;
Clausiliidae;;;;;;;;;;;;;;;;;;;
Agelasidae;;;;;;;;;;;;;;;;;;;
Agelenidae;;;;;;;;;;;;;;;;;;;
Pompilidae;;;;;;;;;;;;;;;;;;;
Corycaeidae;;;;;;;;;;;;;;;;;;;
Agfidae;;;;;;;;;;;;;;;;;;;
Nymphalidae;;;;;;;;;;;;;;;;;;;
Aglajidae;;;;;;;;;;;;;;;;;;;
Rhopalonematidae;;;;;;;;;;;;;;;;;;;
Nephtyidae;;;;;;;;;;;;;;;;;;;
Aglaopheniidae;;;;;;;;;;;;;;;;;;;
Tylenchidae;;;;;;;;;;;;;;;;;;;
Salpingidae;;;;;;;;;;;;;;;;;;;
Oxycorynidae;;;;;;;;;;;;;;;;;;;
Tineidae;;;;;;;;;;;;;;;;;;;
Pyrochroidae;;;;;;;;;;;;;;;;;;;
Perlidae;;;;;;;;;;;;;;;;;;;
Lypusidae;;;;;;;;;;;;;;;;;;;
Elachistidae;;;;;;;;;;;;;;;;;;;
Depressariidae;;;;;;;;;;;;;;;;;;;
Agonidae;;;;;;;;;;;;;;;;;;;
Liocranidae;;;;;;;;;;;;;;;;;;;
Rhopalidae;;;;;;;;;;;;;;;;;;;
Hydroptilidae;;;;;;;;;;;;;;;;;;;
Isotomidae;;;;;;;;;;;;;;;;;;;
Sarcophagidae;;;;;;;;;;;;;;;;;;;
Lycaenidae;;;;;;;;;;;;;;;;;;;
Agromyzidae;;;;;;;;;;;;;;;;;;;
Thripidae;;;;;;;;;;;;;;;;;;;
Phryganeidae;;;;;;;;;;;;;;;;;;;
Agyrtidae;;;;;;;;;;;;;;;;;;;
Silvanidae;;;;;;;;;;;;;;;;;;;
Ophichthidae;;;;;;;;;;;;;;;;;;;
Notosudidae;;;;;;;;;;;;;;;;;;;
Blenniidae;;;;;;;;;;;;;;;;;;;
Tetragonicipitidae;;;;;;;;;;;;;;;;;;;
Ailoscolecidae;;;;;;;;;;;;;;;;;;;
Aiptasiidae;;;;;;;;;;;;;;;;;;;
Nesticidae;;;;;;;;;;;;;;;;;;;
Anatidae;;;;;;;;;;;;;;;;;;;
Brentidae;;;;;;;;;;;;;;;;;;;
Dictynidae;;;;;;;;;;;;;;;;;;;
Zoropsidae;;;;;;;;;;;;;;;;;;;
Akanthophoreidae;;;;;;;;;;;;;;;;;;;
Akeridae;;;;;;;;;;;;;;;;;;;
Oxudercidae;;;;;;;;;;;;;;;;;;;
Achilidae;;;;;;;;;;;;;;;;;;;
Oecophoridae;;;;;;;;;;;;;;;;;;;
Halocyprididae;;;;;;;;;;;;;;;;;;;
Alaudidae;;;;;;;;;;;;;;;;;;;
Pharyngodonidae;;;;;;;;;;;;;;;;;;;
Camacolaimidae;;;;;;;;;;;;;;;;;;;
Alaimidae;;;;;;;;;;;;;;;;;;;
Raymondionymidae;;;;;;;;;;;;;;;;;;;
Mymaridae;;;;;;;;;;;;;;;;;;;
Diplostomidae;;;;;;;;;;;;;;;;;;;
Vespidae;;;;;;;;;;;;;;;;;;;
Alatasporidae;;;;;;;;;;;;;;;;;;;
Alatinidae;;;;;;;;;;;;;;;;;;;
Proctophyllodidae;;;;;;;;;;;;;;;;;;;
Vandeleumatidae;;;;;;;;;;;;;;;;;;;
Tetrastemmatidae;;;;;;;;;;;;;;;;;;;
Aturidae;;;;;;;;;;;;;;;;;;;
Dicranophoridae;;;;;;;;;;;;;;;;;;;
Glossiphoniidae;;;;;;;;;;;;;;;;;;;
Albuneidae;;;;;;;;;;;;;;;;;;;
Alcedinidae;;;;;;;;;;;;;;;;;;;
Cervidae;;;;;;;;;;;;;;;;;;;
Phyllodocidae;;;;;;;;;;;;;;;;;;;
Alcyonidiidae;;;;;;;;;;;;;;;;;;;
Alcyoniidae;;;;;;;;;;;;;;;;;;;
Limapontiidae;;;;;;;;;;;;;;;;;;;
Calloporidae;;;;;;;;;;;;;;;;;;;
Cadlinidae;;;;;;;;;;;;;;;;;;;
Dorididae;;;;;;;;;;;;;;;;;;;
Halosauridae;;;;;;;;;;;;;;;;;;;
Caligidae;;;;;;;;;;;;;;;;;;;
Thoosidae;;;;;;;;;;;;;;;;;;;
Phasianidae;;;;;;;;;;;;;;;;;;;
Carangidae;;;;;;;;;;;;;;;;;;;
Psychodidae;;;;;;;;;;;;;;;;;;;
Alepisauridae;;;;;;;;;;;;;;;;;;;
Alepocephalidae;;;;;;;;;;;;;;;;;;;
Salmonidae;;;;;;;;;;;;;;;;;;;
Gymnodamaeidae;;;;;;;;;;;;;;;;;;;
Coniopterygidae;;;;;;;;;;;;;;;;;;;
Amphimeniidae;;;;;;;;;;;;;;;;;;;
Jenseniidae;;;;;;;;;;;;;;;;;;;
Cryptophagidae;;;;;;;;;;;;;;;;;;;
Raphitomidae;;;;;;;;;;;;;;;;;;;
Aliciidae;;;;;;;;;;;;;;;;;;;
Alicorhagiidae;;;;;;;;;;;;;;;;;;;
Alirhabditidae;;;;;;;;;;;;;;;;;;;
Nereididae;;;;;;;;;;;;;;;;;;;
Sminthuridae;;;;;;;;;;;;;;;;;;;
Lepismatidae;;;;;;;;;;;;;;;;;;;
Dipodidae;;;;;;;;;;;;;;;;;;;
Anthribidae;;;;;;;;;;;;;;;;;;;
Hybotidae;;;;;;;;;;;;;;;;;;;
Nanaspididae;;;;;;;;;;;;;;;;;;;
Allantonematidae;;;;;;;;;;;;;;;;;;;
Heteraxinidae;;;;;;;;;;;;;;;;;;;
Bethylidae;;;;;;;;;;;;;;;;;;;
Eviphididae;;;;;;;;;;;;;;;;;;;
Belbidae;;;;;;;;;;;;;;;;;;;
Damaeidae;;;;;;;;;;;;;;;;;;;
Schistosomatidae;;;;;;;;;;;;;;;;;;;
Sphaeroceridae;;;;;;;;;;;;;;;;;;;
Caeculidae;;;;;;;;;;;;;;;;;;;
Chernetidae;;;;;;;;;;;;;;;;;;;
Incurvariidae;;;;;;;;;;;;;;;;;;;
Cosmopterigidae;;;;;;;;;;;;;;;;;;;
Allocreadiidae;;;;;;;;;;;;;;;;;;;
Oreosomatidae;;;;;;;;;;;;;;;;;;;
Subuluridae;;;;;;;;;;;;;;;;;;;
Diclidophoridae;;;;;;;;;;;;;;;;;;;
Qudsianematidae;;;;;;;;;;;;;;;;;;;
Styelidae;;;;;;;;;;;;;;;;;;;
Nabidae;;;;;;;;;;;;;;;;;;;
Helicidae;;;;;;;;;;;;;;;;;;;
Lyonsiellidae;;;;;;;;;;;;;;;;;;;
Syrphidae;;;;;;;;;;;;;;;;;;;
Ceratopogonidae;;;;;;;;;;;;;;;;;;;
Alloionematidae;;;;;;;;;;;;;;;;;;;
Lumbricidae;;;;;;;;;;;;;;;;;;;
Cleridae;;;;;;;;;;;;;;;;;;;
Laelapidae;;;;;;;;;;;;;;;;;;;
Pauropodidae;;;;;;;;;;;;;;;;;;;
Sciaridae;;;;;;;;;;;;;;;;;;;
Opecoelidae;;;;;;;;;;;;;;;;;;;
Didymozoidae;;;;;;;;;;;;;;;;;;;
Machilidae;;;;;;;;;;;;;;;;;;;
Alloptidae;;;;;;;;;;;;;;;;;;;
Cyclocoelidae;;;;;;;;;;;;;;;;;;;
Attemsiidae;;;;;;;;;;;;;;;;;;;
Argidae;;;;;;;;;;;;;;;;;;;
Armadillidiidae;;;;;;;;;;;;;;;;;;;
Tetrasquillidae;;;;;;;;;;;;;;;;;;;
Pseudostomidae;;;;;;;;;;;;;;;;;;;
Suctobelbidae;;;;;;;;;;;;;;;;;;;
Dasytidae;;;;;;;;;;;;;;;;;;;
Trombidiidae;;;;;;;;;;;;;;;;;;;
Oedemeridae;;;;;;;;;;;;;;;;;;;
Dictyopharidae;;;;;;;;;;;;;;;;;;;
Alopiidae;;;;;;;;;;;;;;;;;;;
Clupeidae;;;;;;;;;;;;;;;;;;;
Dipsocoridae;;;;;;;;;;;;;;;;;;;
Alpheidae;;;;;;;;;;;;;;;;;;;
Euscorpiidae;;;;;;;;;;;;;;;;;;;
Mycobatidae;;;;;;;;;;;;;;;;;;;
Gekkonidae;;;;;;;;;;;;;;;;;;;
Diplomaragnidae;;;;;;;;;;;;;;;;;;;
Peltidiidae;;;;;;;;;;;;;;;;;;;
Oikopleuridae;;;;;;;;;;;;;;;;;;;
Verrucidae;;;;;;;;;;;;;;;;;;;
Steganacaridae;;;;;;;;;;;;;;;;;;;
Alucitidae;;;;;;;;;;;;;;;;;;;
Monacanthidae;;;;;;;;;;;;;;;;;;;
Rissoidae;;;;;;;;;;;;;;;;;;;
Provannidae;;;;;;;;;;;;;;;;;;;
Terpnacaridae;;;;;;;;;;;;;;;;;;;
Alycidae;;;;;;;;;;;;;;;;;;;
Alydidae;;;;;;;;;;;;;;;;;;;
Crabronidae;;;;;;;;;;;;;;;;;;;
Bembicidae;;;;;;;;;;;;;;;;;;;
Alytidae;;;;;;;;;;;;;;;;;;;
Amabiliidae;;;;;;;;;;;;;;;;;;;
Melolonthidae;;;;;;;;;;;;;;;;;;;
Terebellidae;;;;;;;;;;;;;;;;;;;
Anthuridae;;;;;;;;;;;;;;;;;;;
Ceratophyllidae;;;;;;;;;;;;;;;;;;;
Scolecitrichidae;;;;;;;;;;;;;;;;;;;
Bonelliidae;;;;;;;;;;;;;;;;;;;
Estrildidae;;;;;;;;;;;;;;;;;;;
Vesiculariidae;;;;;;;;;;;;;;;;;;;
Gammaridae;;;;;;;;;;;;;;;;;;;
Amathillopsidae;;;;;;;;;;;;;;;;;;;
Cichlidae;;;;;;;;;;;;;;;;;;;
Amaurobiidae;;;;;;;;;;;;;;;;;;;
Naticidae;;;;;;;;;;;;;;;;;;;
Ambasiidae;;;;;;;;;;;;;;;;;;;
Limacidae;;;;;;;;;;;;;;;;;;;
Autostichidae;;;;;;;;;;;;;;;;;;;
Centrarchidae;;;;;;;;;;;;;;;;;;;
Thapariellidae;;;;;;;;;;;;;;;;;;;
Cirrhitidae;;;;;;;;;;;;;;;;;;;
Anthicidae;;;;;;;;;;;;;;;;;;;
Gobiidae;;;;;;;;;;;;;;;;;;;
Garypinidae;;;;;;;;;;;;;;;;;;;
Amblyommidae;;;;;;;;;;;;;;;;;;;
Ixodidae;;;;;;;;;;;;;;;;;;;
Syllidae;;;;;;;;;;;;;;;;;;;
Rajidae;;;;;;;;;;;;;;;;;;;
Scelionidae;;;;;;;;;;;;;;;;;;;
Phytoseiidae;;;;;;;;;;;;;;;;;;;
Acanthomeniidae;;;;;;;;;;;;;;;;;;;
Hamondiidae;;;;;;;;;;;;;;;;;;;
Ambystomatidae;;;;;;;;;;;;;;;;;;;
Ameiridae;;;;;;;;;;;;;;;;;;;
Ictaluridae;;;;;;;;;;;;;;;;;;;
Mantidae;;;;;;;;;;;;;;;;;;;
Ameletidae;;;;;;;;;;;;;;;;;;;
Thalestridae;;;;;;;;;;;;;;;;;;;
Amerobelbidae;;;;;;;;;;;;;;;;;;;
Ameronothridae;;;;;;;;;;;;;;;;;;;
Ameroseiidae;;;;;;;;;;;;;;;;;;;
Ameridae;;;;;;;;;;;;;;;;;;;
Ametropodidae;;;;;;;;;;;;;;;;;;;
Bombyliidae;;;;;;;;;;;;;;;;;;;
Amidostomidae;;;;;;;;;;;;;;;;;;;
Scalpellidae;;;;;;;;;;;;;;;;;;;
Sclerosomatidae;;;;;;;;;;;;;;;;;;;
Microzetidae;;;;;;;;;;;;;;;;;;;
Ammodytidae;;;;;;;;;;;;;;;;;;;
Omalogyridae;;;;;;;;;;;;;;;;;;;
Sphecidae;;;;;;;;;;;;;;;;;;;
Ammoplanidae;;;;;;;;;;;;;;;;;;;
Bovidae;;;;;;;;;;;;;;;;;;;
Opheliidae;;;;;;;;;;;;;;;;;;;
Haplochthoniidae;;;;;;;;;;;;;;;;;;;
Miraciidae;;;;;;;;;;;;;;;;;;;
Pseudococcidae;;;;;;;;;;;;;;;;;;;
Halichondriidae;;;;;;;;;;;;;;;;;;;
Ampeliscidae;;;;;;;;;;;;;;;;;;;
Amphianthidae;;;;;;;;;;;;;;;;;;;
Balanidae;;;;;;;;;;;;;;;;;;;
Amphibdellatidae;;;;;;;;;;;;;;;;;;;
Capillariidae;;;;;;;;;;;;;;;;;;;
Cynipidae;;;;;;;;;;;;;;;;;;;
Eohypsibiidae;;;;;;;;;;;;;;;;;;;
Prayidae;;;;;;;;;;;;;;;;;;;
Bostrichidae;;;;;;;;;;;;;;;;;;;
Glaphyridae;;;;;;;;;;;;;;;;;;;
Hesionidae;;;;;;;;;;;;;;;;;;;
Psocidae;;;;;;;;;;;;;;;;;;;
Sabellidae;;;;;;;;;;;;;;;;;;;
Esperiopsidae;;;;;;;;;;;;;;;;;;;
Zodariidae;;;;;;;;;;;;;;;;;;;
Amphilepididae;;;;;;;;;;;;;;;;;;;
Amphilinidae;;;;;;;;;;;;;;;;;;;
Amphilochidae;;;;;;;;;;;;;;;;;;;
Melanopsidae;;;;;;;;;;;;;;;;;;;
Opisthorchiidae;;;;;;;;;;;;;;;;;;;
Xyalidae;;;;;;;;;;;;;;;;;;;
Pandeidae;;;;;;;;;;;;;;;;;;;
Nemouridae;;;;;;;;;;;;;;;;;;;
Amphinomidae;;;;;;;;;;;;;;;;;;;
Pseudococculinidae;;;;;;;;;;;;;;;;;;;
Sacconemertidae;;;;;;;;;;;;;;;;;;;
Amphiporidae;;;;;;;;;;;;;;;;;;;
Leptopsyllidae;;;;;;;;;;;;;;;;;;;
Schizorhynchidae;;;;;;;;;;;;;;;;;;;
Columbellidae;;;;;;;;;;;;;;;;;;;
Cumoniscidae;;;;;;;;;;;;;;;;;;;
Tetranychidae;;;;;;;;;;;;;;;;;;;
Ampithoidae;;;;;;;;;;;;;;;;;;;
Calliopiidae;;;;;;;;;;;;;;;;;;;
Oniscodesmidae;;;;;;;;;;;;;;;;;;;
Grantiidae;;;;;;;;;;;;;;;;;;;
Ferussaciidae;;;;;;;;;;;;;;;;;;;
Eubranchidae;;;;;;;;;;;;;;;;;;;
Amphoriscidae;;;;;;;;;;;;;;;;;;;
Actinodiscidae;;;;;;;;;;;;;;;;;;;
Telotylenchidae;;;;;;;;;;;;;;;;;;;
Ampulicidae;;;;;;;;;;;;;;;;;;;
Volutidae;;;;;;;;;;;;;;;;;;;
Pseudochromidae;;;;;;;;;;;;;;;;;;;
Anthomyzidae;;;;;;;;;;;;;;;;;;;
Mytilidae;;;;;;;;;;;;;;;;;;;
Megascolecidae;;;;;;;;;;;;;;;;;;;
Cynolebiidae;;;;;;;;;;;;;;;;;;;
Hydrophilidae;;;;;;;;;;;;;;;;;;;
Dasydytidae;;;;;;;;;;;;;;;;;;;
Microphallidae;;;;;;;;;;;;;;;;;;;
Chalcididae;;;;;;;;;;;;;;;;;;;
Arcidae;;;;;;;;;;;;;;;;;;;
Rhinocricidae;;;;;;;;;;;;;;;;;;;
Gnaphosidae;;;;;;;;;;;;;;;;;;;
Anajapygidae;;;;;;;;;;;;;;;;;;;
Analgidae;;;;;;;;;;;;;;;;;;;
Xolalgidae;;;;;;;;;;;;;;;;;;;
Kateretidae;;;;;;;;;;;;;;;;;;;
Anthroleucosomatidae;;;;;;;;;;;;;;;;;;;
Strophomeniidae;;;;;;;;;;;;;;;;;;;
Mimetidae;;;;;;;;;;;;;;;;;;;
Antheluridae;;;;;;;;;;;;;;;;;;;
Paguridae;;;;;;;;;;;;;;;;;;;
Scatopsidae;;;;;;;;;;;;;;;;;;;
Anaperidae;;;;;;;;;;;;;;;;;;;
Philosciidae;;;;;;;;;;;;;;;;;;;
Plectidae;;;;;;;;;;;;;;;;;;;
Pseudotachidiidae;;;;;;;;;;;;;;;;;;;
Coccidae;;;;;;;;;;;;;;;;;;;
Muraenidae;;;;;;;;;;;;;;;;;;;
Anarhichadidae;;;;;;;;;;;;;;;;;;;
Exechonellidae;;;;;;;;;;;;;;;;;;;
Anarthruridae;;;;;;;;;;;;;;;;;;;
Scraptiidae;;;;;;;;;;;;;;;;;;;
Eupelmidae;;;;;;;;;;;;;;;;;;;
Asteriidae;;;;;;;;;;;;;;;;;;;
Pygidicranidae;;;;;;;;;;;;;;;;;;;
Hymenolepididae;;;;;;;;;;;;;;;;;;;
Anatomidae;;;;;;;;;;;;;;;;;;;
Anatonchidae;;;;;;;;;;;;;;;;;;;
Seguenziidae;;;;;;;;;;;;;;;;;;;
Ancistrocheiridae;;;;;;;;;;;;;;;;;;;
Cantharidae;;;;;;;;;;;;;;;;;;;
Gnathorhynchidae;;;;;;;;;;;;;;;;;;;
Pilargidae;;;;;;;;;;;;;;;;;;;
Cochlespiridae;;;;;;;;;;;;;;;;;;;
Onychoteuthidae;;;;;;;;;;;;;;;;;;;
Ancorabolidae;;;;;;;;;;;;;;;;;;;
Ancorinidae;;;;;;;;;;;;;;;;;;;
Goniodorididae;;;;;;;;;;;;;;;;;;;
Monorchiidae;;;;;;;;;;;;;;;;;;;
Ancylostomatidae;;;;;;;;;;;;;;;;;;;
Planorbidae;;;;;;;;;;;;;;;;;;;
Ancylidae;;;;;;;;;;;;;;;;;;;
Capsalidae;;;;;;;;;;;;;;;;;;;
Trogositidae;;;;;;;;;;;;;;;;;;;
Stegocephalidae;;;;;;;;;;;;;;;;;;;
Polymorphidae;;;;;;;;;;;;;;;;;;;
Andrassyidae;;;;;;;;;;;;;;;;;;;
Andrenidae;;;;;;;;;;;;;;;;;;;
Andresiidae;;;;;;;;;;;;;;;;;;;
Iolinidae;;;;;;;;;;;;;;;;;;;
Thaumaleidae;;;;;;;;;;;;;;;;;;;
Anoplocephalidae;;;;;;;;;;;;;;;;;;;
Andvakiidae;;;;;;;;;;;;;;;;;;;
Forficulidae;;;;;;;;;;;;;;;;;;;
Pollicipedidae;;;;;;;;;;;;;;;;;;;
Trogulidae;;;;;;;;;;;;;;;;;;;
Thalassematidae;;;;;;;;;;;;;;;;;;;
Eucnemidae;;;;;;;;;;;;;;;;;;;
Haloclavidae;;;;;;;;;;;;;;;;;;;
Nassariidae;;;;;;;;;;;;;;;;;;;
Aradidae;;;;;;;;;;;;;;;;;;;
Tipulidae;;;;;;;;;;;;;;;;;;;
Microparasellidae;;;;;;;;;;;;;;;;;;;
Calliphoridae;;;;;;;;;;;;;;;;;;;
Angiostomatidae;;;;;;;;;;;;;;;;;;;
Anguillidae;;;;;;;;;;;;;;;;;;;
Anguillicolidae;;;;;;;;;;;;;;;;;;;
Panagrolaimidae;;;;;;;;;;;;;;;;;;;
Monhysteridae;;;;;;;;;;;;;;;;;;;
Anguinidae;;;;;;;;;;;;;;;;;;;
Nolellidae;;;;;;;;;;;;;;;;;;;
Philomedidae;;;;;;;;;;;;;;;;;;;
Ascarididae;;;;;;;;;;;;;;;;;;;
Anisakidae;;;;;;;;;;;;;;;;;;;
Stichaeidae;;;;;;;;;;;;;;;;;;;
Crellidae;;;;;;;;;;;;;;;;;;;
Discodorididae;;;;;;;;;;;;;;;;;;;
Notonectidae;;;;;;;;;;;;;;;;;;;
Rhynchodemidae;;;;;;;;;;;;;;;;;;;
Ptinidae;;;;;;;;;;;;;;;;;;;
Annectocymidae;;;;;;;;;;;;;;;;;;;
Anobiidae;;;;;;;;;;;;;;;;;;;
Unionidae;;;;;;;;;;;;;;;;;;;
Psittacidae;;;;;;;;;;;;;;;;;;;
Dactyloidae;;;;;;;;;;;;;;;;;;;
Buccinidae;;;;;;;;;;;;;;;;;;;
Pontellidae;;;;;;;;;;;;;;;;;;;
Opomyzidae;;;;;;;;;;;;;;;;;;;
Oppiidae;;;;;;;;;;;;;;;;;;;
Anomiidae;;;;;;;;;;;;;;;;;;;
Anomoclausiidae;;;;;;;;;;;;;;;;;;;
Caryophylliidae;;;;;;;;;;;;;;;;;;;
Molgulidae;;;;;;;;;;;;;;;;;;;
Nereicolidae;;;;;;;;;;;;;;;;;;;
Philodinidae;;;;;;;;;;;;;;;;;;;
Aphelenchoididae;;;;;;;;;;;;;;;;;;;
Paruterinidae;;;;;;;;;;;;;;;;;;;
Leptolaimidae;;;;;;;;;;;;;;;;;;;
Anonymidae;;;;;;;;;;;;;;;;;;;
Coreidae;;;;;;;;;;;;;;;;;;;
Phoxichilidiidae;;;;;;;;;;;;;;;;;;;
Umagillidae;;;;;;;;;;;;;;;;;;;
Anoplogastridae;;;;;;;;;;;;;;;;;;;
Anoplopomatidae;;;;;;;;;;;;;;;;;;;
Anoplostomatidae;;;;;;;;;;;;;;;;;;;
Geotrupidae;;;;;;;;;;;;;;;;;;;
Paralepididae;;;;;;;;;;;;;;;;;;;
Laridae;;;;;;;;;;;;;;;;;;;
Rossellidae;;;;;;;;;;;;;;;;;;;
Anseropodidae;;;;;;;;;;;;;;;;;;;
Dentaliidae;;;;;;;;;;;;;;;;;;;
Echinophthiriidae;;;;;;;;;;;;;;;;;;;
Punctoribatidae;;;;;;;;;;;;;;;;;;;
Antedonidae;;;;;;;;;;;;;;;;;;;
Pedicellasteridae;;;;;;;;;;;;;;;;;;;
Halopterididae;;;;;;;;;;;;;;;;;;;
Antennophoridae;;;;;;;;;;;;;;;;;;;
Ascidae;;;;;;;;;;;;;;;;;;;
Haploniscidae;;;;;;;;;;;;;;;;;;;
Dryinidae;;;;;;;;;;;;;;;;;;;
Empididae;;;;;;;;;;;;;;;;;;;
Anthessiidae;;;;;;;;;;;;;;;;;;;
Serranidae;;;;;;;;;;;;;;;;;;;
Microcionidae;;;;;;;;;;;;;;;;;;;
Tetraphyllidea_incertae_sedis;;;;;;;;;;;;;;;;;;;
Pieridae;;;;;;;;;;;;;;;;;;;
Melyridae;;;;;;;;;;;;;;;;;;;
Malachiidae;;;;;;;;;;;;;;;;;;;
Discocotylidae;;;;;;;;;;;;;;;;;;;
Anthogonidae;;;;;;;;;;;;;;;;;;;
Hebellidae;;;;;;;;;;;;;;;;;;;
Choreutidae;;;;;;;;;;;;;;;;;;;
Anthoptilidae;;;;;;;;;;;;;;;;;;;
Dichelesthiidae;;;;;;;;;;;;;;;;;;;
Anthothelidae;;;;;;;;;;;;;;;;;;;
Dermestidae;;;;;;;;;;;;;;;;;;;
Gruidae;;;;;;;;;;;;;;;;;;;
Motacillidae;;;;;;;;;;;;;;;;;;;
Sciomyzidae;;;;;;;;;;;;;;;;;;;
Anticomidae;;;;;;;;;;;;;;;;;;;
Linhomoeidae;;;;;;;;;;;;;;;;;;;
Antigonariidae;;;;;;;;;;;;;;;;;;;
Caproidae;;;;;;;;;;;;;;;;;;;
Antillesomatidae;;;;;;;;;;;;;;;;;;;
Gorgoniidae;;;;;;;;;;;;;;;;;;;
Moridae;;;;;;;;;;;;;;;;;;;
Janolidae;;;;;;;;;;;;;;;;;;;
Antipathidae;;;;;;;;;;;;;;;;;;;
Plectonemertidae;;;;;;;;;;;;;;;;;;;
Heliozelidae;;;;;;;;;;;;;;;;;;;
Hahniidae;;;;;;;;;;;;;;;;;;;
Keroplatidae;;;;;;;;;;;;;;;;;;;
Antonbruunidae;;;;;;;;;;;;;;;;;;;
Facelinidae;;;;;;;;;;;;;;;;;;;
Bathynellidae;;;;;;;;;;;;;;;;;;;
Canthocamptidae;;;;;;;;;;;;;;;;;;;
Macrostomidae;;;;;;;;;;;;;;;;;;;
Antroposthiidae;;;;;;;;;;;;;;;;;;;
Brachionidae;;;;;;;;;;;;;;;;;;;
Anyphaenidae;;;;;;;;;;;;;;;;;;;
Anystidae;;;;;;;;;;;;;;;;;;;
Spionidae;;;;;;;;;;;;;;;;;;;
Aoridae;;;;;;;;;;;;;;;;;;;
Hoplolaimidae;;;;;;;;;;;;;;;;;;;
Cixiidae;;;;;;;;;;;;;;;;;;;
Apataniidae;;;;;;;;;;;;;;;;;;;
Strigeidae;;;;;;;;;;;;;;;;;;;
Ovulidae;;;;;;;;;;;;;;;;;;;
Canacidae;;;;;;;;;;;;;;;;;;;
Aphalaridae;;;;;;;;;;;;;;;;;;;
Chyromyidae;;;;;;;;;;;;;;;;;;;
Cyprinodontidae;;;;;;;;;;;;;;;;;;;
Xenocoelomatidae;;;;;;;;;;;;;;;;;;;
Ceraphronidae;;;;;;;;;;;;;;;;;;;
Halaphanolaimidae;;;;;;;;;;;;;;;;;;;
Trichiuridae;;;;;;;;;;;;;;;;;;;
Isodiametridae;;;;;;;;;;;;;;;;;;;
Chloropidae;;;;;;;;;;;;;;;;;;;
Lutjanidae;;;;;;;;;;;;;;;;;;;
Apharyngtidae;;;;;;;;;;;;;;;;;;;
Aphelacaridae;;;;;;;;;;;;;;;;;;;
Aphelenchidae;;;;;;;;;;;;;;;;;;;
Trichogrammatidae;;;;;;;;;;;;;;;;;;;
Cirratulidae;;;;;;;;;;;;;;;;;;;
Aphelocheiridae;;;;;;;;;;;;;;;;;;;
Apheviderulicidae;;;;;;;;;;;;;;;;;;;
Dirivultidae;;;;;;;;;;;;;;;;;;;
Aphrocallistidae;;;;;;;;;;;;;;;;;;;
Aphroditidae;;;;;;;;;;;;;;;;;;;
Aphrophoridae;;;;;;;;;;;;;;;;;;;
Aphyonidae;;;;;;;;;;;;;;;;;;;
Nothobranchiidae;;;;;;;;;;;;;;;;;;;
Phascolosomatidae;;;;;;;;;;;;;;;;;;;
Apistobranchidae;;;;;;;;;;;;;;;;;;;
Blephariceridae;;;;;;;;;;;;;;;;;;;
Asplanchnidae;;;;;;;;;;;;;;;;;;;
Cosmocercidae;;;;;;;;;;;;;;;;;;;
Physidae;;;;;;;;;;;;;;;;;;;
Polyclinidae;;;;;;;;;;;;;;;;;;;
Rhadalidae;;;;;;;;;;;;;;;;;;;
Aplysiidae;;;;;;;;;;;;;;;;;;;
Darwinellidae;;;;;;;;;;;;;;;;;;;
Aplysinidae;;;;;;;;;;;;;;;;;;;
Hermaeidae;;;;;;;;;;;;;;;;;;;
Cheiridiidae;;;;;;;;;;;;;;;;;;;
Corophiidae;;;;;;;;;;;;;;;;;;;
Limacodidae;;;;;;;;;;;;;;;;;;;
Attelabidae;;;;;;;;;;;;;;;;;;;
Parachelaincertaeseidae;;;;;;;;;;;;;;;;;;;
Spongiocnizontidae;;;;;;;;;;;;;;;;;;;
Paramesochridae;;;;;;;;;;;;;;;;;;;
Apogonidae;;;;;;;;;;;;;;;;;;;
Hyalidae;;;;;;;;;;;;;;;;;;;
Apolemiidae;;;;;;;;;;;;;;;;;;;
Pomacanthidae;;;;;;;;;;;;;;;;;;;
Serpulidae;;;;;;;;;;;;;;;;;;;
Onuphidae;;;;;;;;;;;;;;;;;;;
Lecithasteridae;;;;;;;;;;;;;;;;;;;
Psilostomidae;;;;;;;;;;;;;;;;;;;
Berytidae;;;;;;;;;;;;;;;;;;;
Aporcelaimidae;;;;;;;;;;;;;;;;;;;
Aporhynchidae;;;;;;;;;;;;;;;;;;;
Aporocotylidae;;;;;;;;;;;;;;;;;;;
Apororhynchidae;;;;;;;;;;;;;;;;;;;
Aporrhaidae;;;;;;;;;;;;;;;;;;;
Corylophidae;;;;;;;;;;;;;;;;;;;
Scythrididae;;;;;;;;;;;;;;;;;;;
Fritillariidae;;;;;;;;;;;;;;;;;;;
Pentanchidae;;;;;;;;;;;;;;;;;;;
Aproctidae;;;;;;;;;;;;;;;;;;;
Seinuridae;;;;;;;;;;;;;;;;;;;
Apseudidae;;;;;;;;;;;;;;;;;;;
Bradynobaenidae;;;;;;;;;;;;;;;;;;;
Apodidae;;;;;;;;;;;;;;;;;;;
Gerridae;;;;;;;;;;;;;;;;;;;
Nygolaimidae;;;;;;;;;;;;;;;;;;;
Candidae;;;;;;;;;;;;;;;;;;;
Oenonidae;;;;;;;;;;;;;;;;;;;
Arachnactidae;;;;;;;;;;;;;;;;;;;
Arachnidiidae;;;;;;;;;;;;;;;;;;;
Mogoplistidae;;;;;;;;;;;;;;;;;;;
Diplopeltidae;;;;;;;;;;;;;;;;;;;
Ischnopsyllidae;;;;;;;;;;;;;;;;;;;
Cionidae;;;;;;;;;;;;;;;;;;;
Tanaellidae;;;;;;;;;;;;;;;;;;;
Arbaciidae;;;;;;;;;;;;;;;;;;;
Erpobdellidae;;;;;;;;;;;;;;;;;;;
Pulicidae;;;;;;;;;;;;;;;;;;;
Oxyuridae;;;;;;;;;;;;;;;;;;;
Syngamidae;;;;;;;;;;;;;;;;;;;
Heterokrohniidae;;;;;;;;;;;;;;;;;;;
Polycitoridae;;;;;;;;;;;;;;;;;;;
Caryophyllaeidae;;;;;;;;;;;;;;;;;;;
Goniodidae;;;;;;;;;;;;;;;;;;;
Leptastacidae;;;;;;;;;;;;;;;;;;;
Monocelididae;;;;;;;;;;;;;;;;;;;
Speleophriidae;;;;;;;;;;;;;;;;;;;
Archimonocelididae;;;;;;;;;;;;;;;;;;;
Protomonotresidae;;;;;;;;;;;;;;;;;;;
Phthiracaridae;;;;;;;;;;;;;;;;;;;
Polydesmidae;;;;;;;;;;;;;;;;;;;
Eurytomidae;;;;;;;;;;;;;;;;;;;
Sepsidae;;;;;;;;;;;;;;;;;;;
Architeuthidae;;;;;;;;;;;;;;;;;;;
Provorticidae;;;;;;;;;;;;;;;;;;;
Papilionidae;;;;;;;;;;;;;;;;;;;
Spirostreptidae;;;;;;;;;;;;;;;;;;;
Otoplanidae;;;;;;;;;;;;;;;;;;;
Talitridae;;;;;;;;;;;;;;;;;;;
Tellinidae;;;;;;;;;;;;;;;;;;;
Noetiidae;;;;;;;;;;;;;;;;;;;
Arctacaridae;;;;;;;;;;;;;;;;;;;
Arcticidae;;;;;;;;;;;;;;;;;;;
Misophriidae;;;;;;;;;;;;;;;;;;;
Byrrhidae;;;;;;;;;;;;;;;;;;;
Corixidae;;;;;;;;;;;;;;;;;;;
Gadidae;;;;;;;;;;;;;;;;;;;
Romancheinidae;;;;;;;;;;;;;;;;;;;
Artotrogidae;;;;;;;;;;;;;;;;;;;
Hydropsychidae;;;;;;;;;;;;;;;;;;;
Ortheziidae;;;;;;;;;;;;;;;;;;;
Arcturidae;;;;;;;;;;;;;;;;;;;
Lasaeidae;;;;;;;;;;;;;;;;;;;
Perlodidae;;;;;;;;;;;;;;;;;;;
Ardeidae;;;;;;;;;;;;;;;;;;;
Pterolichidae;;;;;;;;;;;;;;;;;;;
Plagiorhynchidae;;;;;;;;;;;;;;;;;;;
Procellariidae;;;;;;;;;;;;;;;;;;;
Ectinosomatidae;;;;;;;;;;;;;;;;;;;
Dorvilleidae;;;;;;;;;;;;;;;;;;;
Argasidae;;;;;;;;;;;;;;;;;;;
Argentinidae;;;;;;;;;;;;;;;;;;;
Argestidae;;;;;;;;;;;;;;;;;;;
Pontocyprididae;;;;;;;;;;;;;;;;;;;
Argissidae;;;;;;;;;;;;;;;;;;;
Argonautidae;;;;;;;;;;;;;;;;;;;
Argulidae;;;;;;;;;;;;;;;;;;;
Argyresthiidae;;;;;;;;;;;;;;;;;;;
Sternoptychidae;;;;;;;;;;;;;;;;;;;
Cybaeidae;;;;;;;;;;;;;;;;;;;
Sciaenidae;;;;;;;;;;;;;;;;;;;
Megathyrididae;;;;;;;;;;;;;;;;;;;
Sparidae;;;;;;;;;;;;;;;;;;;
Prosorhochmidae;;;;;;;;;;;;;;;;;;;
Segestriidae;;;;;;;;;;;;;;;;;;;
Arietellidae;;;;;;;;;;;;;;;;;;;
Arionidae;;;;;;;;;;;;;;;;;;;
Congridae;;;;;;;;;;;;;;;;;;;
Aristeidae;;;;;;;;;;;;;;;;;;;
Aristiidae;;;;;;;;;;;;;;;;;;;
Stomiidae;;;;;;;;;;;;;;;;;;;
Armadillidae;;;;;;;;;;;;;;;;;;;
Scyphacidae;;;;;;;;;;;;;;;;;;;
Stylochoplanidae;;;;;;;;;;;;;;;;;;;
Armaueriidae;;;;;;;;;;;;;;;;;;;
Arminidae;;;;;;;;;;;;;;;;;;;
Armorhydridae;;;;;;;;;;;;;;;;;;;
Bothidae;;;;;;;;;;;;;;;;;;;
Derogenidae;;;;;;;;;;;;;;;;;;;
Tetraodontidae;;;;;;;;;;;;;;;;;;;
Scopelocheiridae;;;;;;;;;;;;;;;;;;;
Arrenuridae;;;;;;;;;;;;;;;;;;;
Rhipiceridae;;;;;;;;;;;;;;;;;;;
Arrhopalitidae;;;;;;;;;;;;;;;;;;;
Cottidae;;;;;;;;;;;;;;;;;;;
Pholcidae;;;;;;;;;;;;;;;;;;;
Artemiidae;;;;;;;;;;;;;;;;;;;
Chirocephalidae;;;;;;;;;;;;;;;;;;;
Arthropleidae;;;;;;;;;;;;;;;;;;;
Lacernidae;;;;;;;;;;;;;;;;;;;
Geoplanidae;;;;;;;;;;;;;;;;;;;
Mutillidae;;;;;;;;;;;;;;;;;;;
Cricetidae;;;;;;;;;;;;;;;;;;;
Blastobasidae;;;;;;;;;;;;;;;;;;;
Cladorhizidae;;;;;;;;;;;;;;;;;;;
Leucascidae;;;;;;;;;;;;;;;;;;;
Leucaltidae;;;;;;;;;;;;;;;;;;;
Ascaridiidae;;;;;;;;;;;;;;;;;;;
Cystidicolidae;;;;;;;;;;;;;;;;;;;
Spirocercidae;;;;;;;;;;;;;;;;;;;
Ascidiidae;;;;;;;;;;;;;;;;;;;
Ascidicolidae;;;;;;;;;;;;;;;;;;;
Scalibregmatidae;;;;;;;;;;;;;;;;;;;
Volvatellidae;;;;;;;;;;;;;;;;;;;
Axonolaimidae;;;;;;;;;;;;;;;;;;;
Gastropodidae;;;;;;;;;;;;;;;;;;;
Trichocercidae;;;;;;;;;;;;;;;;;;;
Clavoporidae;;;;;;;;;;;;;;;;;;;
Ascorhynchidae;;;;;;;;;;;;;;;;;;;
Ascosiidae;;;;;;;;;;;;;;;;;;;
Ascothoracidae;;;;;;;;;;;;;;;;;;;
Ascouracaridae;;;;;;;;;;;;;;;;;;;
Leucosoleniidae;;;;;;;;;;;;;;;;;;;
Asellidae;;;;;;;;;;;;;;;;;;;
Siteroptidae;;;;;;;;;;;;;;;;;;;
Soleidae;;;;;;;;;;;;;;;;;;;
Diptilomiopidae;;;;;;;;;;;;;;;;;;;
Matutidae;;;;;;;;;;;;;;;;;;;
Trichostrongylidae;;;;;;;;;;;;;;;;;;;
Asiopsocidae;;;;;;;;;;;;;;;;;;;
Tridactylidae;;;;;;;;;;;;;;;;;;;
Muricidae;;;;;;;;;;;;;;;;;;;
Heteracanthocephalidae;;;;;;;;;;;;;;;;;;;
Asperspinidae;;;;;;;;;;;;;;;;;;;
Heteroxynematidae;;;;;;;;;;;;;;;;;;;
Electridae;;;;;;;;;;;;;;;;;;;
Chaetonotidae;;;;;;;;;;;;;;;;;;;
Sphindidae;;;;;;;;;;;;;;;;;;;
Xestoleberididae;;;;;;;;;;;;;;;;;;;
Aspidodiadematidae;;;;;;;;;;;;;;;;;;;
Nicothoidae;;;;;;;;;;;;;;;;;;;
Aspidogastridae;;;;;;;;;;;;;;;;;;;
Bunonematidae;;;;;;;;;;;;;;;;;;;
Ophiopyrgidae;;;;;;;;;;;;;;;;;;;
Aspidosiphonidae;;;;;;;;;;;;;;;;;;;
Microcotylidae;;;;;;;;;;;;;;;;;;;
Craspedosomatidae;;;;;;;;;;;;;;;;;;;
Assimineidae;;;;;;;;;;;;;;;;;;;
Astacidae;;;;;;;;;;;;;;;;;;;
Astartidae;;;;;;;;;;;;;;;;;;;
Astatidae;;;;;;;;;;;;;;;;;;;
Astegistidae;;;;;;;;;;;;;;;;;;;
Asteiidae;;;;;;;;;;;;;;;;;;;
Asterinidae;;;;;;;;;;;;;;;;;;;
Ichthyostomatogasteridae;;;;;;;;;;;;;;;;;;;
Asternoseiidae;;;;;;;;;;;;;;;;;;;
Cerococcidae;;;;;;;;;;;;;;;;;;;
Asterolecaniidae;;;;;;;;;;;;;;;;;;;
Asteronychidae;;;;;;;;;;;;;;;;;;;
Gorgonocephalidae;;;;;;;;;;;;;;;;;;;
Euryalidae;;;;;;;;;;;;;;;;;;;
Varunidae;;;;;;;;;;;;;;;;;;;
Plagiorchiidae;;;;;;;;;;;;;;;;;;;
Siphonolaimidae;;;;;;;;;;;;;;;;;;;
Astrangiidae;;;;;;;;;;;;;;;;;;;
Rhizangiidae;;;;;;;;;;;;;;;;;;;
Dendrophylliidae;;;;;;;;;;;;;;;;;;;
Astropectinidae;;;;;;;;;;;;;;;;;;;
Trigonostomidae;;;;;;;;;;;;;;;;;;;
Chamaesomatidae;;;;;;;;;;;;;;;;;;;
Stilipedidae;;;;;;;;;;;;;;;;;;;
Mesodesmatidae;;;;;;;;;;;;;;;;;;;
Cetomimidae;;;;;;;;;;;;;;;;;;;
Atelecrinidae;;;;;;;;;;;;;;;;;;;
Atelecyclidae;;;;;;;;;;;;;;;;;;;
Erinaceidae;;;;;;;;;;;;;;;;;;;
Atelestidae;;;;;;;;;;;;;;;;;;;
Nicoletiidae;;;;;;;;;;;;;;;;;;;
Praydidae;;;;;;;;;;;;;;;;;;;
Atemnidae;;;;;;;;;;;;;;;;;;;
Helicodontidae;;;;;;;;;;;;;;;;;;;
Xanthidae;;;;;;;;;;;;;;;;;;;
Polymastiidae;;;;;;;;;;;;;;;;;;;
Novocriniidae;;;;;;;;;;;;;;;;;;;
Atherinidae;;;;;;;;;;;;;;;;;;;
Athericidae;;;;;;;;;;;;;;;;;;;
Hystricidae;;;;;;;;;;;;;;;;;;;
Dicrocoeliidae;;;;;;;;;;;;;;;;;;;
Atlantidae;;;;;;;;;;;;;;;;;;;
Chrysopidae;;;;;;;;;;;;;;;;;;;
Ciidae;;;;;;;;;;;;;;;;;;;
Pandalidae;;;;;;;;;;;;;;;;;;;
Raphidiidae;;;;;;;;;;;;;;;;;;;
Sciuridae;;;;;;;;;;;;;;;;;;;
Atollidae;;;;;;;;;;;;;;;;;;;
Cimidae;;;;;;;;;;;;;;;;;;;
Atopochthoniidae;;;;;;;;;;;;;;;;;;;
Atorellidae;;;;;;;;;;;;;;;;;;;
Hygrobatidae;;;;;;;;;;;;;;;;;;;
Atractidae;;;;;;;;;;;;;;;;;;;
Lytocestidae;;;;;;;;;;;;;;;;;;;
Microtrombidiidae;;;;;;;;;;;;;;;;;;;
Pinnidae;;;;;;;;;;;;;;;;;;;
Planariidae;;;;;;;;;;;;;;;;;;;
Lubbockiidae;;;;;;;;;;;;;;;;;;;
Atyidae;;;;;;;;;;;;;;;;;;;
Atylenchidae;;;;;;;;;;;;;;;;;;;
Tabanidae;;;;;;;;;;;;;;;;;;;
Atylidae;;;;;;;;;;;;;;;;;;;
Hystrichopsyllidae;;;;;;;;;;;;;;;;;;;
Atypidae;;;;;;;;;;;;;;;;;;;
Coccomyxidae;;;;;;;;;;;;;;;;;;;
Augaptilidae;;;;;;;;;;;;;;;;;;;
Coleophoridae;;;;;;;;;;;;;;;;;;;
Fabriciidae;;;;;;;;;;;;;;;;;;;
Heteroceridae;;;;;;;;;;;;;;;;;;;
Aulacigastridae;;;;;;;;;;;;;;;;;;;
Erotylidae;;;;;;;;;;;;;;;;;;;
Hydraenidae;;;;;;;;;;;;;;;;;;;
Aulacidae;;;;;;;;;;;;;;;;;;;
Rhynchitidae;;;;;;;;;;;;;;;;;;;
Bubaridae;;;;;;;;;;;;;;;;;;;
Lauxaniidae;;;;;;;;;;;;;;;;;;;
Aulolaimoididae;;;;;;;;;;;;;;;;;;;
Aulolaimidae;;;;;;;;;;;;;;;;;;;
Zopheridae;;;;;;;;;;;;;;;;;;;
Gyrinidae;;;;;;;;;;;;;;;;;;;
Passandridae;;;;;;;;;;;;;;;;;;;
Throscidae;;;;;;;;;;;;;;;;;;;
Auloplacidae;;;;;;;;;;;;;;;;;;;
Panorpidae;;;;;;;;;;;;;;;;;;;
Aulopidae;;;;;;;;;;;;;;;;;;;
Aulostomidae;;;;;;;;;;;;;;;;;;;
Ulmaridae;;;;;;;;;;;;;;;;;;;
Ereynetidae;;;;;;;;;;;;;;;;;;;
Hemicytheridae;;;;;;;;;;;;;;;;;;;
Calanticidae;;;;;;;;;;;;;;;;;;;
Bogidiellidae;;;;;;;;;;;;;;;;;;;
Phalangodidae;;;;;;;;;;;;;;;;;;;
Carabodidae;;;;;;;;;;;;;;;;;;;
Chthoniidae;;;;;;;;;;;;;;;;;;;
Austrodecidae;;;;;;;;;;;;;;;;;;;
Austrognathiidae;;;;;;;;;;;;;;;;;;;
Rivulidae;;;;;;;;;;;;;;;;;;;
Nannoniscidae;;;;;;;;;;;;;;;;;;;
Synopiidae;;;;;;;;;;;;;;;;;;;
Oribotritiidae;;;;;;;;;;;;;;;;;;;
Autognetidae;;;;;;;;;;;;;;;;;;;
Avenzoariidae;;;;;;;;;;;;;;;;;;;
Dracunculidae;;;;;;;;;;;;;;;;;;;
Nemichthyidae;;;;;;;;;;;;;;;;;;;
Odontellidae;;;;;;;;;;;;;;;;;;;
Cimeliidae;;;;;;;;;;;;;;;;;;;
Axinidae;;;;;;;;;;;;;;;;;;;
Axinellidae;;;;;;;;;;;;;;;;;;;
Maldanidae;;;;;;;;;;;;;;;;;;;
Koinocystididae;;;;;;;;;;;;;;;;;;;
Belondiridae;;;;;;;;;;;;;;;;;;;
Rhinophoridae;;;;;;;;;;;;;;;;;;;
Azecidae;;;;;;;;;;;;;;;;;;;
Nannodastiidae;;;;;;;;;;;;;;;;;;;
Solecurtidae;;;;;;;;;;;;;;;;;;;
Azygiidae;;;;;;;;;;;;;;;;;;;
Cypridinidae;;;;;;;;;;;;;;;;;;;
Babakinidae;;;;;;;;;;;;;;;;;;;
Baccigeridae;;;;;;;;;;;;;;;;;;;
Petalophthalmidae;;;;;;;;;;;;;;;;;;;
Trichopolydesmidae;;;;;;;;;;;;;;;;;;;
Bacillidae;;;;;;;;;;;;;;;;;;;
Triozidae;;;;;;;;;;;;;;;;;;;
Sphaeropsocidae;;;;;;;;;;;;;;;;;;;
Bradyporidae;;;;;;;;;;;;;;;;;;;
Criconematidae;;;;;;;;;;;;;;;;;;;
Balaenidae;;;;;;;;;;;;;;;;;;;
Balaenanemertidae;;;;;;;;;;;;;;;;;;;
Balaenophilidae;;;;;;;;;;;;;;;;;;;
Balaenopteridae;;;;;;;;;;;;;;;;;;;
Ptychoderidae;;;;;;;;;;;;;;;;;;;
Desmosomatidae;;;;;;;;;;;;;;;;;;;
Hungarohydracaridae;;;;;;;;;;;;;;;;;;;
Capitellidae;;;;;;;;;;;;;;;;;;;
Balistidae;;;;;;;;;;;;;;;;;;;
Stenasellidae;;;;;;;;;;;;;;;;;;;
Palaemonidae;;;;;;;;;;;;;;;;;;;
Cheliplanidae;;;;;;;;;;;;;;;;;;;
Anisitsiellidae;;;;;;;;;;;;;;;;;;;
Bandakiopsidae;;;;;;;;;;;;;;;;;;;
Yponomeutidae;;;;;;;;;;;;;;;;;;;
Teredinidae;;;;;;;;;;;;;;;;;;;
Thyrisomidae;;;;;;;;;;;;;;;;;;;
Banksinomidae;;;;;;;;;;;;;;;;;;;
Mimosellidae;;;;;;;;;;;;;;;;;;;
Ophidiidae;;;;;;;;;;;;;;;;;;;
Platytroctidae;;;;;;;;;;;;;;;;;;;
Vespertilionidae;;;;;;;;;;;;;;;;;;;
Nemacheilidae;;;;;;;;;;;;;;;;;;;
Leptosomatidae;;;;;;;;;;;;;;;;;;;
Salifidae;;;;;;;;;;;;;;;;;;;
Barcinidae;;;;;;;;;;;;;;;;;;;
Barentsiidae;;;;;;;;;;;;;;;;;;;
Pyrostephidae;;;;;;;;;;;;;;;;;;;
Barleeiidae;;;;;;;;;;;;;;;;;;;
Pholadidae;;;;;;;;;;;;;;;;;;;
Karschiidae;;;;;;;;;;;;;;;;;;;
Leptonetidae;;;;;;;;;;;;;;;;;;;
Valenciniidae;;;;;;;;;;;;;;;;;;;
Nycteribiidae;;;;;;;;;;;;;;;;;;;
Hippoboscidae;;;;;;;;;;;;;;;;;;;
Basipodellidae;;;;;;;;;;;;;;;;;;;
Leptonchidae;;;;;;;;;;;;;;;;;;;
Architectonicidae;;;;;;;;;;;;;;;;;;;
Thomisidae;;;;;;;;;;;;;;;;;;;
Bastianiidae;;;;;;;;;;;;;;;;;;;
Cranchiidae;;;;;;;;;;;;;;;;;;;
Entalinidae;;;;;;;;;;;;;;;;;;;
Megacalanidae;;;;;;;;;;;;;;;;;;;
Ancinidae;;;;;;;;;;;;;;;;;;;
Bathycrinidae;;;;;;;;;;;;;;;;;;;
Bodotriidae;;;;;;;;;;;;;;;;;;;
Bathydorididae;;;;;;;;;;;;;;;;;;;
Bathydraconidae;;;;;;;;;;;;;;;;;;;
Macrouridae;;;;;;;;;;;;;;;;;;;
Gnathiidae;;;;;;;;;;;;;;;;;;;
Tisbidae;;;;;;;;;;;;;;;;;;;
Bathylagidae;;;;;;;;;;;;;;;;;;;
Tripyloididae;;;;;;;;;;;;;;;;;;;
Bathylasmatidae;;;;;;;;;;;;;;;;;;;
Opisthoproctidae;;;;;;;;;;;;;;;;;;;
Ipnopidae;;;;;;;;;;;;;;;;;;;
Polybiidae;;;;;;;;;;;;;;;;;;;
Bythocytheridae;;;;;;;;;;;;;;;;;;;
Cirolanidae;;;;;;;;;;;;;;;;;;;
Bathyodontidae;;;;;;;;;;;;;;;;;;;
Bathypalaemonellidae;;;;;;;;;;;;;;;;;;;
Pallenopsidae;;;;;;;;;;;;;;;;;;;
Schizopathidae;;;;;;;;;;;;;;;;;;;
Ophiodermatidae;;;;;;;;;;;;;;;;;;;
Bathyphelliidae;;;;;;;;;;;;;;;;;;;
Ischyroceridae;;;;;;;;;;;;;;;;;;;
Synallactidae;;;;;;;;;;;;;;;;;;;
Bathypolypodidae;;;;;;;;;;;;;;;;;;;
Bathyporeiidae;;;;;;;;;;;;;;;;;;;
Pyuridae;;;;;;;;;;;;;;;;;;;
Arhynchobatidae;;;;;;;;;;;;;;;;;;;
Bathysauridae;;;;;;;;;;;;;;;;;;;
Bathysciadiidae;;;;;;;;;;;;;;;;;;;
Bathyspinulidae;;;;;;;;;;;;;;;;;;;
Bathysquillidae;;;;;;;;;;;;;;;;;;;
Tanaissuidae;;;;;;;;;;;;;;;;;;;
Bathyteuthidae;;;;;;;;;;;;;;;;;;;
Dasyatidae;;;;;;;;;;;;;;;;;;;
Bathytropidae;;;;;;;;;;;;;;;;;;;
Batillipedidae;;;;;;;;;;;;;;;;;;;
Batrachedridae;;;;;;;;;;;;;;;;;;;
Proteocephalidae;;;;;;;;;;;;;;;;;;;
Dendrocoelidae;;;;;;;;;;;;;;;;;;;
Beaniidae;;;;;;;;;;;;;;;;;;;
Flosculariidae;;;;;;;;;;;;;;;;;;;
Euchlanidae;;;;;;;;;;;;;;;;;;;
Plexauridae;;;;;;;;;;;;;;;;;;;
Bedelliidae;;;;;;;;;;;;;;;;;;;
Behningiidae;;;;;;;;;;;;;;;;;;;
Cheliferidae;;;;;;;;;;;;;;;;;;;
Ctenacaridae;;;;;;;;;;;;;;;;;;;
Mangeliidae;;;;;;;;;;;;;;;;;;;
Liposcelididae;;;;;;;;;;;;;;;;;;;
Belbodamaeidae;;;;;;;;;;;;;;;;;;;
Enchelidiidae;;;;;;;;;;;;;;;;;;;
Troglotayosicidae;;;;;;;;;;;;;;;;;;;
Viviparidae;;;;;;;;;;;;;;;;;;;
Triglidae;;;;;;;;;;;;;;;;;;;
Bythitidae;;;;;;;;;;;;;;;;;;;
Belomitridae;;;;;;;;;;;;;;;;;;;
Belonidae;;;;;;;;;;;;;;;;;;;
Zetorchestidae;;;;;;;;;;;;;;;;;;;
Sesiidae;;;;;;;;;;;;;;;;;;;
Bembidiacaridae;;;;;;;;;;;;;;;;;;;
Nolidae;;;;;;;;;;;;;;;;;;;
Benedeniporidae;;;;;;;;;;;;;;;;;;;
Lycidae;;;;;;;;;;;;;;;;;;;
Eupodidae;;;;;;;;;;;;;;;;;;;
Scopelarchidae;;;;;;;;;;;;;;;;;;;
Benthesicymidae;;;;;;;;;;;;;;;;;;;
Bentheuphausiidae;;;;;;;;;;;;;;;;;;;
Benthobiidae;;;;;;;;;;;;;;;;;;;
Psychropotidae;;;;;;;;;;;;;;;;;;;
Laetmogonidae;;;;;;;;;;;;;;;;;;;
Benthopectinidae;;;;;;;;;;;;;;;;;;;
Myctophidae;;;;;;;;;;;;;;;;;;;
Candonidae;;;;;;;;;;;;;;;;;;;
Beraeidae;;;;;;;;;;;;;;;;;;;
Parazoanthidae;;;;;;;;;;;;;;;;;;;
Mycetophagidae;;;;;;;;;;;;;;;;;;;
Epicriidae;;;;;;;;;;;;;;;;;;;
Beroidae;;;;;;;;;;;;;;;;;;;
Neothrombiidae;;;;;;;;;;;;;;;;;;;
Pleurobranchidae;;;;;;;;;;;;;;;;;;;
Epipsocidae;;;;;;;;;;;;;;;;;;;
Berycidae;;;;;;;;;;;;;;;;;;;
Entomobryidae;;;;;;;;;;;;;;;;;;;
Katiannidae;;;;;;;;;;;;;;;;;;;
Chrysopetalidae;;;;;;;;;;;;;;;;;;;
Bibionidae;;;;;;;;;;;;;;;;;;;
Bugulidae;;;;;;;;;;;;;;;;;;;
Trouessartiidae;;;;;;;;;;;;;;;;;;;
Lumbriculidae;;;;;;;;;;;;;;;;;;;
Crisiidae;;;;;;;;;;;;;;;;;;;
Biemnidae;;;;;;;;;;;;;;;;;;;
Kalotermitidae;;;;;;;;;;;;;;;;;;;
Dendrogastridae;;;;;;;;;;;;;;;;;;;
Nannosquillidae;;;;;;;;;;;;;;;;;;;
Bougainvilliidae;;;;;;;;;;;;;;;;;;;
Travassosinematidae;;;;;;;;;;;;;;;;;;;
Biokoviellidae;;;;;;;;;;;;;;;;;;;
Bipaliidae;;;;;;;;;;;;;;;;;;;
Passalozetidae;;;;;;;;;;;;;;;;;;;
Biphyllidae;;;;;;;;;;;;;;;;;;;
Bovicoliidae;;;;;;;;;;;;;;;;;;;
Bithyniidae;;;;;;;;;;;;;;;;;;;
Daesiidae;;;;;;;;;;;;;;;;;;;
Bittacidae;;;;;;;;;;;;;;;;;;;
Cerithiidae;;;;;;;;;;;;;;;;;;;
Blackfordiidae;;;;;;;;;;;;;;;;;;;
Blanidae;;;;;;;;;;;;;;;;;;;
Amphisbaenidae;;;;;;;;;;;;;;;;;;;
Blasticotomidae;;;;;;;;;;;;;;;;;;;
Agaonidae;;;;;;;;;;;;;;;;;;;
Blattidae;;;;;;;;;;;;;;;;;;;
Ectobiidae;;;;;;;;;;;;;;;;;;;
Thelastomatidae;;;;;;;;;;;;;;;;;;;
Ripiphoridae;;;;;;;;;;;;;;;;;;;
Empusidae;;;;;;;;;;;;;;;;;;;
Blissidae;;;;;;;;;;;;;;;;;;;
Phytoptidae;;;;;;;;;;;;;;;;;;;
Centropagidae;;;;;;;;;;;;;;;;;;;
Sminthurididae;;;;;;;;;;;;;;;;;;;
Boettgerillidae;;;;;;;;;;;;;;;;;;;
Cylichnidae;;;;;;;;;;;;;;;;;;;
Bogatiidae;;;;;;;;;;;;;;;;;;;
Lepetellidae;;;;;;;;;;;;;;;;;;;
Cuthonidae;;;;;;;;;;;;;;;;;;;
Bolinopsidae;;;;;;;;;;;;;;;;;;;
Bolitophilidae;;;;;;;;;;;;;;;;;;;
Miomantidae;;;;;;;;;;;;;;;;;;;
Turbinidae;;;;;;;;;;;;;;;;;;;
Bombinatoridae;;;;;;;;;;;;;;;;;;;
Bombycillidae;;;;;;;;;;;;;;;;;;;
Bombycidae;;;;;;;;;;;;;;;;;;;
Bomolochidae;;;;;;;;;;;;;;;;;;;
Gonostomatidae;;;;;;;;;;;;;;;;;;;
Bonneviellidae;;;;;;;;;;;;;;;;;;;
Notodelphyidae;;;;;;;;;;;;;;;;;;;
Hesperiidae;;;;;;;;;;;;;;;;;;;
Flabellinidae;;;;;;;;;;;;;;;;;;;
Tonicellidae;;;;;;;;;;;;;;;;;;;
Nymphonidae;;;;;;;;;;;;;;;;;;;
Cylindropsyllidae;;;;;;;;;;;;;;;;;;;
Boreidae;;;;;;;;;;;;;;;;;;;
Paradoxosomatidae;;;;;;;;;;;;;;;;;;;
Boridae;;;;;;;;;;;;;;;;;;;
Borsoniidae;;;;;;;;;;;;;;;;;;;
Valvatidae;;;;;;;;;;;;;;;;;;;
Chthamalophilidae;;;;;;;;;;;;;;;;;;;
Plakobranchidae;;;;;;;;;;;;;;;;;;;
Bosminidae;;;;;;;;;;;;;;;;;;;
Calyptraeidae;;;;;;;;;;;;;;;;;;;
Bothitrematidae;;;;;;;;;;;;;;;;;;;
Acrobothriidae;;;;;;;;;;;;;;;;;;;
Bothriocephalidae;;;;;;;;;;;;;;;;;;;
Himantariidae;;;;;;;;;;;;;;;;;;;
Limnichidae;;;;;;;;;;;;;;;;;;;
Bothrioplanidae;;;;;;;;;;;;;;;;;;;
Botryllophilidae;;;;;;;;;;;;;;;;;;;
Halicreatidae;;;;;;;;;;;;;;;;;;;
Hirudinellidae;;;;;;;;;;;;;;;;;;;
Bourletiellidae;;;;;;;;;;;;;;;;;;;
Bovichtidae;;;;;;;;;;;;;;;;;;;
Trichodectidae;;;;;;;;;;;;;;;;;;;
Brachioteuthidae;;;;;;;;;;;;;;;;;;;
Brachodidae;;;;;;;;;;;;;;;;;;;
Phaennidae;;;;;;;;;;;;;;;;;;;
Brachycentridae;;;;;;;;;;;;;;;;;;;
Caenidae;;;;;;;;;;;;;;;;;;;
Brachyceridae;;;;;;;;;;;;;;;;;;;
Brachychaeteumatidae;;;;;;;;;;;;;;;;;;;
Brachychthoniidae;;;;;;;;;;;;;;;;;;;
Brachycladiidae;;;;;;;;;;;;;;;;;;;
Brachycoeliidae;;;;;;;;;;;;;;;;;;;
Haemulidae;;;;;;;;;;;;;;;;;;;
Diastylidae;;;;;;;;;;;;;;;;;;;
Perilampidae;;;;;;;;;;;;;;;;;;;
Zoogonidae;;;;;;;;;;;;;;;;;;;
Evaniidae;;;;;;;;;;;;;;;;;;;
Brachylaimidae;;;;;;;;;;;;;;;;;;;
Brachypauropodidae;;;;;;;;;;;;;;;;;;;
Oxycarenidae;;;;;;;;;;;;;;;;;;;
Amphipsocidae;;;;;;;;;;;;;;;;;;;
Taeniopterygidae;;;;;;;;;;;;;;;;;;;
Brachyscelidae;;;;;;;;;;;;;;;;;;;
Proctotrupidae;;;;;;;;;;;;;;;;;;;
Brachystomatidae;;;;;;;;;;;;;;;;;;;
Brachystomellidae;;;;;;;;;;;;;;;;;;;
Streblidae;;;;;;;;;;;;;;;;;;;
Nemesiidae;;;;;;;;;;;;;;;;;;;
Libellulidae;;;;;;;;;;;;;;;;;;;
Opisthocheiridae;;;;;;;;;;;;;;;;;;;
Flabelligeridae;;;;;;;;;;;;;;;;;;;
Cyprididae;;;;;;;;;;;;;;;;;;;
Bramidae;;;;;;;;;;;;;;;;;;;
Piscicolidae;;;;;;;;;;;;;;;;;;;
Branchinectidae;;;;;;;;;;;;;;;;;;;
Branchiobdellidae;;;;;;;;;;;;;;;;;;;
Corymorphidae;;;;;;;;;;;;;;;;;;;
Branchiostomatidae;;;;;;;;;;;;;;;;;;;
Branchipodidae;;;;;;;;;;;;;;;;;;;
Xylobatidae;;;;;;;;;;;;;;;;;;;
Braulidae;;;;;;;;;;;;;;;;;;;
Brauninidae;;;;;;;;;;;;;;;;;;;
Bregmacerotidae;;;;;;;;;;;;;;;;;;;
Enidae;;;;;;;;;;;;;;;;;;;
Bresiliidae;;;;;;;;;;;;;;;;;;;
Graffillidae;;;;;;;;;;;;;;;;;;;
Brevibuccidae;;;;;;;;;;;;;;;;;;;
Nuculidae;;;;;;;;;;;;;;;;;;;
Tobrilidae;;;;;;;;;;;;;;;;;;;
Canuellidae;;;;;;;;;;;;;;;;;;;
Brinkmanniidae;;;;;;;;;;;;;;;;;;;
Brisingidae;;;;;;;;;;;;;;;;;;;
Brissidae;;;;;;;;;;;;;;;;;;;
Mathildidae;;;;;;;;;;;;;;;;;;;
Salpidae;;;;;;;;;;;;;;;;;;;
Caliscelidae;;;;;;;;;;;;;;;;;;;
Proalidae;;;;;;;;;;;;;;;;;;;
Brychiopontiidae;;;;;;;;;;;;;;;;;;;
Haliplidae;;;;;;;;;;;;;;;;;;;
Echiniscidae;;;;;;;;;;;;;;;;;;;
Bryocryptellidae;;;;;;;;;;;;;;;;;;;
Scutariellidae;;;;;;;;;;;;;;;;;;;
Ascalaphidae;;;;;;;;;;;;;;;;;;;
Bucculatricidae;;;;;;;;;;;;;;;;;;;
Bucephalidae;;;;;;;;;;;;;;;;;;;
Buddelundiellidae;;;;;;;;;;;;;;;;;;;
Mastigophorophyllidae;;;;;;;;;;;;;;;;;;;
Buergeriellidae;;;;;;;;;;;;;;;;;;;
Celleporidae;;;;;;;;;;;;;;;;;;;
Bufonidae;;;;;;;;;;;;;;;;;;;
Victorellidae;;;;;;;;;;;;;;;;;;;
Microcerberidae;;;;;;;;;;;;;;;;;;;
Bullidae;;;;;;;;;;;;;;;;;;;
Leptanthuridae;;;;;;;;;;;;;;;;;;;
Phalangiidae;;;;;;;;;;;;;;;;;;;
Bunocotylidae;;;;;;;;;;;;;;;;;;;
Boloceroididae;;;;;;;;;;;;;;;;;;;
Buproridae;;;;;;;;;;;;;;;;;;;
Freyanidae;;;;;;;;;;;;;;;;;;;
Burhinidae;;;;;;;;;;;;;;;;;;;
Bursidae;;;;;;;;;;;;;;;;;;;
Parasitaphelenchidae;;;;;;;;;;;;;;;;;;;
Protoplophoridae;;;;;;;;;;;;;;;;;;;
Buskiidae;;;;;;;;;;;;;;;;;;;
Byrsophlebidae;;;;;;;;;;;;;;;;;;;
Bythinellidae;;;;;;;;;;;;;;;;;;;
Moitessieriidae;;;;;;;;;;;;;;;;;;;
Bythocarididae;;;;;;;;;;;;;;;;;;;
Hippolytidae;;;;;;;;;;;;;;;;;;;
Bythocyprididae;;;;;;;;;;;;;;;;;;;
Bythotiaridae;;;;;;;;;;;;;;;;;;;
Cercopagidae;;;;;;;;;;;;;;;;;;;
Cercopagididae;;;;;;;;;;;;;;;;;;;
Byturidae;;;;;;;;;;;;;;;;;;;
Scrupocellariidae;;;;;;;;;;;;;;;;;;;
Cymatiidae;;;;;;;;;;;;;;;;;;;
Cacatuidae;;;;;;;;;;;;;;;;;;;
Cimicidae;;;;;;;;;;;;;;;;;;;
Paratylenchidae;;;;;;;;;;;;;;;;;;;
Thorectidae;;;;;;;;;;;;;;;;;;;
Heteroderidae;;;;;;;;;;;;;;;;;;;
Halcampidae;;;;;;;;;;;;;;;;;;;
Gadilidae;;;;;;;;;;;;;;;;;;;
Janiridae;;;;;;;;;;;;;;;;;;;
Caeciliusidae;;;;;;;;;;;;;;;;;;;
Sagittidae;;;;;;;;;;;;;;;;;;;
Sphaeromatidae;;;;;;;;;;;;;;;;;;;
Gnathostenetroididae;;;;;;;;;;;;;;;;;;;
Caecidae;;;;;;;;;;;;;;;;;;;
Cephidae;;;;;;;;;;;;;;;;;;;
Scenopinidae;;;;;;;;;;;;;;;;;;;
Nanorchestidae;;;;;;;;;;;;;;;;;;;
Pedinidae;;;;;;;;;;;;;;;;;;;
Saldidae;;;;;;;;;;;;;;;;;;;
Calamoceratidae;;;;;;;;;;;;;;;;;;;
Pseudodiaptomidae;;;;;;;;;;;;;;;;;;;
Calanidae;;;;;;;;;;;;;;;;;;;
Axiidae;;;;;;;;;;;;;;;;;;;
Calcariidae;;;;;;;;;;;;;;;;;;;
Calceostomatidae;;;;;;;;;;;;;;;;;;;
Fridericianellidae;;;;;;;;;;;;;;;;;;;
Iuridae;;;;;;;;;;;;;;;;;;;
Calcinidae;;;;;;;;;;;;;;;;;;;
Diogenidae;;;;;;;;;;;;;;;;;;;
Caleremaeidae;;;;;;;;;;;;;;;;;;;
Dynastidae;;;;;;;;;;;;;;;;;;;
Paramphistomidae;;;;;;;;;;;;;;;;;;;
Monocotylidae;;;;;;;;;;;;;;;;;;;
Trogossitidae;;;;;;;;;;;;;;;;;;;
Callanthiidae;;;;;;;;;;;;;;;;;;;
Callianassidae;;;;;;;;;;;;;;;;;;;
Cydippida_incertae_sedis;;;;;;;;;;;;;;;;;;;
Callichiridae;;;;;;;;;;;;;;;;;;;
Leptophlebiidae;;;;;;;;;;;;;;;;;;;
Eucalliacidae;;;;;;;;;;;;;;;;;;;
Desmoscolecidae;;;;;;;;;;;;;;;;;;;
Callineridae;;;;;;;;;;;;;;;;;;;
Calliobothriidae;;;;;;;;;;;;;;;;;;;
Callionymidae;;;;;;;;;;;;;;;;;;;
Calliostomatidae;;;;;;;;;;;;;;;;;;;
Calliotropidae;;;;;;;;;;;;;;;;;;;
Callipallenidae;;;;;;;;;;;;;;;;;;;
Odontophoridae;;;;;;;;;;;;;;;;;;;
Callipodidae;;;;;;;;;;;;;;;;;;;
Veneridae;;;;;;;;;;;;;;;;;;;
Callistoplacidae;;;;;;;;;;;;;;;;;;;
Leptocytheridae;;;;;;;;;;;;;;;;;;;
Reduviidae;;;;;;;;;;;;;;;;;;;
Lacistorhynchidae;;;;;;;;;;;;;;;;;;;
Callochitonidae;;;;;;;;;;;;;;;;;;;
Primnoidae;;;;;;;;;;;;;;;;;;;
Ulidiidae;;;;;;;;;;;;;;;;;;;
Plesiopidae;;;;;;;;;;;;;;;;;;;
Microporellidae;;;;;;;;;;;;;;;;;;;
Trochidae;;;;;;;;;;;;;;;;;;;
Callyspongiidae;;;;;;;;;;;;;;;;;;;
Calmidae;;;;;;;;;;;;;;;;;;;
Micropezidae;;;;;;;;;;;;;;;;;;;
Olpiidae;;;;;;;;;;;;;;;;;;;
Calohypsibiidae;;;;;;;;;;;;;;;;;;;
Protopelagonemertidae;;;;;;;;;;;;;;;;;;;
Calophyidae;;;;;;;;;;;;;;;;;;;
Calopterygidae;;;;;;;;;;;;;;;;;;;
Scaridae;;;;;;;;;;;;;;;;;;;
Salamandridae;;;;;;;;;;;;;;;;;;;
Microporidae;;;;;;;;;;;;;;;;;;;
Calthropellidae;;;;;;;;;;;;;;;;;;;
Kishinouyeidae;;;;;;;;;;;;;;;;;;;
Dicyrtomidae;;;;;;;;;;;;;;;;;;;
Echinothuriidae;;;;;;;;;;;;;;;;;;;
Calverocheridae;;;;;;;;;;;;;;;;;;;
Campanulariidae;;;;;;;;;;;;;;;;;;;
Calycodidae;;;;;;;;;;;;;;;;;;;
Calymnidae;;;;;;;;;;;;;;;;;;;
Synapticolidae;;;;;;;;;;;;;;;;;;;
Velutinidae;;;;;;;;;;;;;;;;;;;
Clambidae;;;;;;;;;;;;;;;;;;;
Calyptostomatidae;;;;;;;;;;;;;;;;;;;
Lanceoporidae;;;;;;;;;;;;;;;;;;;
Phloeodictyidae;;;;;;;;;;;;;;;;;;;
Camallanidae;;;;;;;;;;;;;;;;;;;
Cambarincolidae;;;;;;;;;;;;;;;;;;;
Camelidae;;;;;;;;;;;;;;;;;;;
Camerobiidae;;;;;;;;;;;;;;;;;;;
Camillidae;;;;;;;;;;;;;;;;;;;
Geodiidae;;;;;;;;;;;;;;;;;;;
Crotoniidae;;;;;;;;;;;;;;;;;;;
Camisiidae;;;;;;;;;;;;;;;;;;;
Campichoetidae;;;;;;;;;;;;;;;;;;;
Diastatidae;;;;;;;;;;;;;;;;;;;
Campodeidae;;;;;;;;;;;;;;;;;;;
Scoliidae;;;;;;;;;;;;;;;;;;;
Campydoridae;;;;;;;;;;;;;;;;;;;
Nannastacidae;;;;;;;;;;;;;;;;;;;
Campyloderidae;;;;;;;;;;;;;;;;;;;
Canariellidae;;;;;;;;;;;;;;;;;;;
Meconematidae;;;;;;;;;;;;;;;;;;;
Cancridae;;;;;;;;;;;;;;;;;;;
Cancerillidae;;;;;;;;;;;;;;;;;;;
Candaciidae;;;;;;;;;;;;;;;;;;;
Candelabridae;;;;;;;;;;;;;;;;;;;
Canidae;;;;;;;;;;;;;;;;;;;
Chelodesmidae;;;;;;;;;;;;;;;;;;;
Haplobainosomatidae;;;;;;;;;;;;;;;;;;;
Noteridae;;;;;;;;;;;;;;;;;;;
Colloniidae;;;;;;;;;;;;;;;;;;;
Capniidae;;;;;;;;;;;;;;;;;;;
Blattellidae;;;;;;;;;;;;;;;;;;;
Caprimulgidae;;;;;;;;;;;;;;;;;;;
Capulidae;;;;;;;;;;;;;;;;;;;
Caraboacaridae;;;;;;;;;;;;;;;;;;;
Carabonematidae;;;;;;;;;;;;;;;;;;;
Scorpaenidae;;;;;;;;;;;;;;;;;;;
Carangoliopsidae;;;;;;;;;;;;;;;;;;;
Carapidae;;;;;;;;;;;;;;;;;;;
Carcharhinidae;;;;;;;;;;;;;;;;;;;
Odontaspididae;;;;;;;;;;;;;;;;;;;
Discolaimidae;;;;;;;;;;;;;;;;;;;
Lamnidae;;;;;;;;;;;;;;;;;;;
Carcharodopharyngidae;;;;;;;;;;;;;;;;;;;
Carcinonemertidae;;;;;;;;;;;;;;;;;;;
Parulidae;;;;;;;;;;;;;;;;;;;
Pennellidae;;;;;;;;;;;;;;;;;;;
Cuspidariidae;;;;;;;;;;;;;;;;;;;
Carditidae;;;;;;;;;;;;;;;;;;;
Coelogynoporidae;;;;;;;;;;;;;;;;;;;
Liparidae;;;;;;;;;;;;;;;;;;;
Cheloniidae;;;;;;;;;;;;;;;;;;;
Carininidae;;;;;;;;;;;;;;;;;;;
Tubulanidae;;;;;;;;;;;;;;;;;;;
Carinomidae;;;;;;;;;;;;;;;;;;;
Nemastomatidae;;;;;;;;;;;;;;;;;;;
Niphargidae;;;;;;;;;;;;;;;;;;;
Caristiidae;;;;;;;;;;;;;;;;;;;
Halcuriidae;;;;;;;;;;;;;;;;;;;
Carnidae;;;;;;;;;;;;;;;;;;;
Heligmonellidae;;;;;;;;;;;;;;;;;;;
Carphaniidae;;;;;;;;;;;;;;;;;;;
Carpoglyphidae;;;;;;;;;;;;;;;;;;;
Carposinidae;;;;;;;;;;;;;;;;;;;
Carybdeidae;;;;;;;;;;;;;;;;;;;
Carychiidae;;;;;;;;;;;;;;;;;;;
Ellobiidae;;;;;;;;;;;;;;;;;;;
Pyrgulidae;;;;;;;;;;;;;;;;;;;
Petromyzontidae;;;;;;;;;;;;;;;;;;;
Cassiopeidae;;;;;;;;;;;;;;;;;;;
Corinnidae;;;;;;;;;;;;;;;;;;;
Castoridae;;;;;;;;;;;;;;;;;;;
Dalyelliidae;;;;;;;;;;;;;;;;;;;
Japygidae;;;;;;;;;;;;;;;;;;;
Acanthopteroctetidae;;;;;;;;;;;;;;;;;;;
Lymnaeidae;;;;;;;;;;;;;;;;;;;
Notocotylidae;;;;;;;;;;;;;;;;;;;
Catenotaeniidae;;;;;;;;;;;;;;;;;;;
Catenulidae;;;;;;;;;;;;;;;;;;;
Cathaemasiidae;;;;;;;;;;;;;;;;;;;
Turdidae;;;;;;;;;;;;;;;;;;;
Catiniidae;;;;;;;;;;;;;;;;;;;
Catostylidae;;;;;;;;;;;;;;;;;;;
Trinchesiidae;;;;;;;;;;;;;;;;;;;
Ligiidae;;;;;;;;;;;;;;;;;;;
Caulophrynidae;;;;;;;;;;;;;;;;;;;
Veretillidae;;;;;;;;;;;;;;;;;;;
Cavoliniidae;;;;;;;;;;;;;;;;;;;
Hirundinidae;;;;;;;;;;;;;;;;;;;
Celaenopsidae;;;;;;;;;;;;;;;;;;;
Nacellidae;;;;;;;;;;;;;;;;;;;
Cellariidae;;;;;;;;;;;;;;;;;;;
Lepraliellidae;;;;;;;;;;;;;;;;;;;
Hippothoidae;;;;;;;;;;;;;;;;;;;
Testudinidae;;;;;;;;;;;;;;;;;;;
Centroderidae;;;;;;;;;;;;;;;;;;;
Mesometridae;;;;;;;;;;;;;;;;;;;
Draconettidae;;;;;;;;;;;;;;;;;;;
Centrolophidae;;;;;;;;;;;;;;;;;;;
Centrophoridae;;;;;;;;;;;;;;;;;;;
Centrophrynidae;;;;;;;;;;;;;;;;;;;
Centrorhynchidae;;;;;;;;;;;;;;;;;;;
Etmopteridae;;;;;;;;;;;;;;;;;;;
Somniosidae;;;;;;;;;;;;;;;;;;;
Diadematidae;;;;;;;;;;;;;;;;;;;
Johnstonianidae;;;;;;;;;;;;;;;;;;;
Membracidae;;;;;;;;;;;;;;;;;;;
Tylodoridae;;;;;;;;;;;;;;;;;;;
Cephalochlamydidae;;;;;;;;;;;;;;;;;;;
Cephalodasyidae;;;;;;;;;;;;;;;;;;;
Notommatidae;;;;;;;;;;;;;;;;;;;
Mythicomyiidae;;;;;;;;;;;;;;;;;;;
Cephalogonimidae;;;;;;;;;;;;;;;;;;;
Pipunculidae;;;;;;;;;;;;;;;;;;;
Phylliroidae;;;;;;;;;;;;;;;;;;;
Cephalothricidae;;;;;;;;;;;;;;;;;;;
Cephalotrichidae;;;;;;;;;;;;;;;;;;;
Prosthogonimidae;;;;;;;;;;;;;;;;;;;
Synaphridae;;;;;;;;;;;;;;;;;;;
Oestridae;;;;;;;;;;;;;;;;;;;
Cepheidae;;;;;;;;;;;;;;;;;;;
Compactozetidae;;;;;;;;;;;;;;;;;;;
Cepolidae;;;;;;;;;;;;;;;;;;;
Maeridae;;;;;;;;;;;;;;;;;;;
Goniasteridae;;;;;;;;;;;;;;;;;;;
Ceramonematidae;;;;;;;;;;;;;;;;;;;
Iravadiidae;;;;;;;;;;;;;;;;;;;
Ceratiidae;;;;;;;;;;;;;;;;;;;
Gastrolecithidae;;;;;;;;;;;;;;;;;;;
Tripterygiidae;;;;;;;;;;;;;;;;;;;
Ceratocombidae;;;;;;;;;;;;;;;;;;;
Ceratocumatidae;;;;;;;;;;;;;;;;;;;
Ceratomyxidae;;;;;;;;;;;;;;;;;;;
Metrioppiidae;;;;;;;;;;;;;;;;;;;
Peloppiidae;;;;;;;;;;;;;;;;;;;
Cymothoidae;;;;;;;;;;;;;;;;;;;
Ceratozetidae;;;;;;;;;;;;;;;;;;;
Cosmochthoniidae;;;;;;;;;;;;;;;;;;;
Sparassidae;;;;;;;;;;;;;;;;;;;
Cercyridae;;;;;;;;;;;;;;;;;;;
Philanthidae;;;;;;;;;;;;;;;;;;;
Cercopidae;;;;;;;;;;;;;;;;;;;
Cercopithecidae;;;;;;;;;;;;;;;;;;;
Telorchiidae;;;;;;;;;;;;;;;;;;;
Coenagrionidae;;;;;;;;;;;;;;;;;;;
Cerianthidae;;;;;;;;;;;;;;;;;;;
Daphniidae;;;;;;;;;;;;;;;;;;;
Cerionidae;;;;;;;;;;;;;;;;;;;
Newtoniellidae;;;;;;;;;;;;;;;;;;;
Cerithiopsidae;;;;;;;;;;;;;;;;;;;
Trogiidae;;;;;;;;;;;;;;;;;;;
Pleurobrachiidae;;;;;;;;;;;;;;;;;;;
Cerophytidae;;;;;;;;;;;;;;;;;;;
Certhiidae;;;;;;;;;;;;;;;;;;;
Notodontidae;;;;;;;;;;;;;;;;;;;
Clavulariidae;;;;;;;;;;;;;;;;;;;
Comesomatidae;;;;;;;;;;;;;;;;;;;
Cerylidae;;;;;;;;;;;;;;;;;;;
Cerylonidae;;;;;;;;;;;;;;;;;;;
Cestidae;;;;;;;;;;;;;;;;;;;
Cetoconchidae;;;;;;;;;;;;;;;;;;;
Trachelidae;;;;;;;;;;;;;;;;;;;
Cetoniidae;;;;;;;;;;;;;;;;;;;
Cetorhinidae;;;;;;;;;;;;;;;;;;;
Cettiidae;;;;;;;;;;;;;;;;;;;
Lecithoceridae;;;;;;;;;;;;;;;;;;;
Halictidae;;;;;;;;;;;;;;;;;;;
Chabertiidae;;;;;;;;;;;;;;;;;;;
Geryonidae;;;;;;;;;;;;;;;;;;;
Oneirodidae;;;;;;;;;;;;;;;;;;;
Chaetasteridae;;;;;;;;;;;;;;;;;;;
Chaetodermatidae;;;;;;;;;;;;;;;;;;;
Chaetodontidae;;;;;;;;;;;;;;;;;;;
Coelosphaeridae;;;;;;;;;;;;;;;;;;;
Lonchaeidae;;;;;;;;;;;;;;;;;;;
Orphnidae;;;;;;;;;;;;;;;;;;;
Chaetopleuridae;;;;;;;;;;;;;;;;;;;
Vermipsyllidae;;;;;;;;;;;;;;;;;;;
Chaetopteridae;;;;;;;;;;;;;;;;;;;
Lampropidae;;;;;;;;;;;;;;;;;;;
Lestidae;;;;;;;;;;;;;;;;;;;
Chalinidae;;;;;;;;;;;;;;;;;;;
Creediidae;;;;;;;;;;;;;;;;;;;
Chamidae;;;;;;;;;;;;;;;;;;;
Chamaeleonidae;;;;;;;;;;;;;;;;;;;
Psilidae;;;;;;;;;;;;;;;;;;;
Chamobatidae;;;;;;;;;;;;;;;;;;;
Channichthyidae;;;;;;;;;;;;;;;;;;;
Champsodontidae;;;;;;;;;;;;;;;;;;;
Channidae;;;;;;;;;;;;;;;;;;;
Chanidae;;;;;;;;;;;;;;;;;;;
Chaoboridae;;;;;;;;;;;;;;;;;;;
Chaperiidae;;;;;;;;;;;;;;;;;;;
Chapuisididae;;;;;;;;;;;;;;;;;;;
Chappuisiidae;;;;;;;;;;;;;;;;;;;
Pachastrellidae;;;;;;;;;;;;;;;;;;;
Cleidochasmatidae;;;;;;;;;;;;;;;;;;;
Charadriidae;;;;;;;;;;;;;;;;;;;
Mertensiidae;;;;;;;;;;;;;;;;;;;
Charoniidae;;;;;;;;;;;;;;;;;;;
Flustridae;;;;;;;;;;;;;;;;;;;
Signiphoridae;;;;;;;;;;;;;;;;;;;
Eustathiidae;;;;;;;;;;;;;;;;;;;
Chaunacidae;;;;;;;;;;;;;;;;;;;
Erythracaridae;;;;;;;;;;;;;;;;;;;
Chauvetiidae;;;;;;;;;;;;;;;;;;;
Hipponicidae;;;;;;;;;;;;;;;;;;;
Exocoetidae;;;;;;;;;;;;;;;;;;;
Cheiloporinidae;;;;;;;;;;;;;;;;;;;
Cheiracanthiidae;;;;;;;;;;;;;;;;;;;
Miturgidae;;;;;;;;;;;;;;;;;;;
Cheirocratidae;;;;;;;;;;;;;;;;;;;
Triphoridae;;;;;;;;;;;;;;;;;;;
Selachinematidae;;;;;;;;;;;;;;;;;;;
Blattisociidae;;;;;;;;;;;;;;;;;;;
Sejidae;;;;;;;;;;;;;;;;;;;
Chelidonisididae;;;;;;;;;;;;;;;;;;;
Athienemanniidae;;;;;;;;;;;;;;;;;;;
Mugilidae;;;;;;;;;;;;;;;;;;;
Chelonibiidae;;;;;;;;;;;;;;;;;;;
Diphyidae;;;;;;;;;;;;;;;;;;;
Cheluridae;;;;;;;;;;;;;;;;;;;
Protroctopsocidae;;;;;;;;;;;;;;;;;;;
Parastacidae;;;;;;;;;;;;;;;;;;;
Molpadiidae;;;;;;;;;;;;;;;;;;;
Rhizocrinidae;;;;;;;;;;;;;;;;;;;
Nemestrinidae;;;;;;;;;;;;;;;;;;;
Prochaetodermatidae;;;;;;;;;;;;;;;;;;;
Cheyletidae;;;;;;;;;;;;;;;;;;;
Chiasmodontidae;;;;;;;;;;;;;;;;;;;
Artheneidae;;;;;;;;;;;;;;;;;;;
Childiidae;;;;;;;;;;;;;;;;;;;
Mecynostomidae;;;;;;;;;;;;;;;;;;;
Lasiocampidae;;;;;;;;;;;;;;;;;;;
Diodontidae;;;;;;;;;;;;;;;;;;;
Chimaeridae;;;;;;;;;;;;;;;;;;;
Gymnorhynchidae;;;;;;;;;;;;;;;;;;;
Chimaericolidae;;;;;;;;;;;;;;;;;;;
Chimaerocestidae;;;;;;;;;;;;;;;;;;;
Philopotamidae;;;;;;;;;;;;;;;;;;;
Chinchillidae;;;;;;;;;;;;;;;;;;;
Chionidae;;;;;;;;;;;;;;;;;;;
Oregoniidae;;;;;;;;;;;;;;;;;;;
Chiridotidae;;;;;;;;;;;;;;;;;;;
Chaetiliidae;;;;;;;;;;;;;;;;;;;
Chiropteromyzidae;;;;;;;;;;;;;;;;;;;
Uroactiniidae;;;;;;;;;;;;;;;;;;;
Chiroteuthidae;;;;;;;;;;;;;;;;;;;
Pipridae;;;;;;;;;;;;;;;;;;;
Tubolaimoididae;;;;;;;;;;;;;;;;;;;
Tylencholaimidae;;;;;;;;;;;;;;;;;;;
Chlamydoselachidae;;;;;;;;;;;;;;;;;;;
Otididae;;;;;;;;;;;;;;;;;;;
Chlidoniidae;;;;;;;;;;;;;;;;;;;
Chlopsidae;;;;;;;;;;;;;;;;;;;
Chloromyxidae;;;;;;;;;;;;;;;;;;;
Chloroperlidae;;;;;;;;;;;;;;;;;;;
Chlorophthalmidae;;;;;;;;;;;;;;;;;;;
Choanolaimidae;;;;;;;;;;;;;;;;;;;
Syngnathidae;;;;;;;;;;;;;;;;;;;
Emberizidae;;;;;;;;;;;;;;;;;;;
Poraniidae;;;;;;;;;;;;;;;;;;;
Chondrillidae;;;;;;;;;;;;;;;;;;;
Leptocheliidae;;;;;;;;;;;;;;;;;;;
Chondrosiidae;;;;;;;;;;;;;;;;;;;
Euretidae;;;;;;;;;;;;;;;;;;;
Strongylidae;;;;;;;;;;;;;;;;;;;
Chordeumatidae;;;;;;;;;;;;;;;;;;;
Chordeumiidae;;;;;;;;;;;;;;;;;;;
Psoroptidae;;;;;;;;;;;;;;;;;;;
Choristellidae;;;;;;;;;;;;;;;;;;;
Chorizoporidae;;;;;;;;;;;;;;;;;;;
Percophidae;;;;;;;;;;;;;;;;;;;
Hypodontolaimidae;;;;;;;;;;;;;;;;;;;
Chromodorididae;;;;;;;;;;;;;;;;;;;
Penthaleidae;;;;;;;;;;;;;;;;;;;
Chronogastridae;;;;;;;;;;;;;;;;;;;
Pelagiidae;;;;;;;;;;;;;;;;;;;
Chrysididae;;;;;;;;;;;;;;;;;;;
Cuculidae;;;;;;;;;;;;;;;;;;;
Chrysogorgiidae;;;;;;;;;;;;;;;;;;;
Chrysolampidae;;;;;;;;;;;;;;;;;;;
Podapolipidae;;;;;;;;;;;;;;;;;;;
Rhagionidae;;;;;;;;;;;;;;;;;;;
Chthamalidae;;;;;;;;;;;;;;;;;;;
Chuniellidae;;;;;;;;;;;;;;;;;;;
Clausophyidae;;;;;;;;;;;;;;;;;;;
Cicadidae;;;;;;;;;;;;;;;;;;;
Cicerinidae;;;;;;;;;;;;;;;;;;;
Ciconiidae;;;;;;;;;;;;;;;;;;;
Cidaridae;;;;;;;;;;;;;;;;;;;
Colatooeciidae;;;;;;;;;;;;;;;;;;;
Lotidae;;;;;;;;;;;;;;;;;;;
Rhopaluridae;;;;;;;;;;;;;;;;;;;
Ciliopharyngiellidae;;;;;;;;;;;;;;;;;;;
Uropodidae;;;;;;;;;;;;;;;;;;;
Cimberididae;;;;;;;;;;;;;;;;;;;
Cinclidae;;;;;;;;;;;;;;;;;;;
Rhynchocinetidae;;;;;;;;;;;;;;;;;;;
Vitrinellidae;;;;;;;;;;;;;;;;;;;
Macroderoididae;;;;;;;;;;;;;;;;;;;
Cirroteuthidae;;;;;;;;;;;;;;;;;;;
Skeneidae;;;;;;;;;;;;;;;;;;;
Pectinariidae;;;;;;;;;;;;;;;;;;;
Cisticolidae;;;;;;;;;;;;;;;;;;;
Ophidiasteridae;;;;;;;;;;;;;;;;;;;
Cithaeronidae;;;;;;;;;;;;;;;;;;;
Citharidae;;;;;;;;;;;;;;;;;;;
Tegulidae;;;;;;;;;;;;;;;;;;;
Faviidae;;;;;;;;;;;;;;;;;;;
Cladocoridae;;;;;;;;;;;;;;;;;;;
Cladocorynidae;;;;;;;;;;;;;;;;;;;
Cladonematidae;;;;;;;;;;;;;;;;;;;
Pisauridae;;;;;;;;;;;;;;;;;;;
Sigalionidae;;;;;;;;;;;;;;;;;;;
Clariidae;;;;;;;;;;;;;;;;;;;
Mononchidae;;;;;;;;;;;;;;;;;;;
Clathrinidae;;;;;;;;;;;;;;;;;;;
Protodrilidae;;;;;;;;;;;;;;;;;;;
Clausocalanidae;;;;;;;;;;;;;;;;;;;
Hydractiniidae;;;;;;;;;;;;;;;;;;;
Clavelinidae;;;;;;;;;;;;;;;;;;;
Sphaerodoridae;;;;;;;;;;;;;;;;;;;
Holognathidae;;;;;;;;;;;;;;;;;;;
Embiidae;;;;;;;;;;;;;;;;;;;
Eusiridae;;;;;;;;;;;;;;;;;;;
Clinidae;;;;;;;;;;;;;;;;;;;
Clinostomidae;;;;;;;;;;;;;;;;;;;
Cliidae;;;;;;;;;;;;;;;;;;;
Clionaidae;;;;;;;;;;;;;;;;;;;
Clionidae;;;;;;;;;;;;;;;;;;;
Cliopsidae;;;;;;;;;;;;;;;;;;;
Clistosaccidae;;;;;;;;;;;;;;;;;;;
Philophthalmidae;;;;;;;;;;;;;;;;;;;
Clubionidae;;;;;;;;;;;;;;;;;;;
Clusiidae;;;;;;;;;;;;;;;;;;;
Clypeasteridae;;;;;;;;;;;;;;;;;;;
Placorhynchidae;;;;;;;;;;;;;;;;;;;
Simuliidae;;;;;;;;;;;;;;;;;;;
Cytheridae;;;;;;;;;;;;;;;;;;;
Cobitidae;;;;;;;;;;;;;;;;;;;
Iphimediidae;;;;;;;;;;;;;;;;;;;
Cocculinidae;;;;;;;;;;;;;;;;;;;
Evermannellidae;;;;;;;;;;;;;;;;;;;
Rhagidiidae;;;;;;;;;;;;;;;;;;;
Coccyzidae;;;;;;;;;;;;;;;;;;;
Cochlicellidae;;;;;;;;;;;;;;;;;;;
Cochlicopidae;;;;;;;;;;;;;;;;;;;
Periplomatidae;;;;;;;;;;;;;;;;;;;
Megalomastomatidae;;;;;;;;;;;;;;;;;;;
Cochlostomatidae;;;;;;;;;;;;;;;;;;;
Pomatiidae;;;;;;;;;;;;;;;;;;;
Ochodaeidae;;;;;;;;;;;;;;;;;;;
Coelopidae;;;;;;;;;;;;;;;;;;;
Xylophagidae;;;;;;;;;;;;;;;;;;;
Polyceridae;;;;;;;;;;;;;;;;;;;
Cribrilinidae;;;;;;;;;;;;;;;;;;;
Colletidae;;;;;;;;;;;;;;;;;;;
Colletteidae;;;;;;;;;;;;;;;;;;;
Collohmanniidae;;;;;;;;;;;;;;;;;;;
Collothecidae;;;;;;;;;;;;;;;;;;;
Collyriclidae;;;;;;;;;;;;;;;;;;;
Echinometridae;;;;;;;;;;;;;;;;;;;
Colpodaspididae;;;;;;;;;;;;;;;;;;;
Philichthyidae;;;;;;;;;;;;;;;;;;;
Corvidae;;;;;;;;;;;;;;;;;;;
Colomastigidae;;;;;;;;;;;;;;;;;;;
Colossendeidae;;;;;;;;;;;;;;;;;;;
Freyellidae;;;;;;;;;;;;;;;;;;;
Colubridae;;;;;;;;;;;;;;;;;;;
Colubrariidae;;;;;;;;;;;;;;;;;;;
Columbidae;;;;;;;;;;;;;;;;;;;
Vertiginidae;;;;;;;;;;;;;;;;;;;
Lepadellidae;;;;;;;;;;;;;;;;;;;
Clathurellidae;;;;;;;;;;;;;;;;;;;
Anapidae;;;;;;;;;;;;;;;;;;;
Oncaeidae;;;;;;;;;;;;;;;;;;;
Mordellidae;;;;;;;;;;;;;;;;;;;
Lepadidae;;;;;;;;;;;;;;;;;;;
Clausidiidae;;;;;;;;;;;;;;;;;;;
Dreissenidae;;;;;;;;;;;;;;;;;;;
Coninckiidae;;;;;;;;;;;;;;;;;;;
Ischnochitonidae;;;;;;;;;;;;;;;;;;;
Conocephalidae;;;;;;;;;;;;;;;;;;;
Conochilidae;;;;;;;;;;;;;;;;;;;
Membraniporidae;;;;;;;;;;;;;;;;;;;
Megaspilidae;;;;;;;;;;;;;;;;;;;
Scirtidae;;;;;;;;;;;;;;;;;;;
Conidae;;;;;;;;;;;;;;;;;;;
Priacanthidae;;;;;;;;;;;;;;;;;;;
Cooperiidae;;;;;;;;;;;;;;;;;;;
Syncoeliidae;;;;;;;;;;;;;;;;;;;
Sapphirinidae;;;;;;;;;;;;;;;;;;;
Coptopsyllidae;;;;;;;;;;;;;;;;;;;
Plataspididae;;;;;;;;;;;;;;;;;;;
Plataspidae;;;;;;;;;;;;;;;;;;;
Tischeriidae;;;;;;;;;;;;;;;;;;;
Coraciidae;;;;;;;;;;;;;;;;;;;
Corallimorphidae;;;;;;;;;;;;;;;;;;;
Trapezidae;;;;;;;;;;;;;;;;;;;
Corallistidae;;;;;;;;;;;;;;;;;;;
Coralliidae;;;;;;;;;;;;;;;;;;;
Corambidae;;;;;;;;;;;;;;;;;;;
Cyrenidae;;;;;;;;;;;;;;;;;;;
Styloniscidae;;;;;;;;;;;;;;;;;;;
Cordulegastridae;;;;;;;;;;;;;;;;;;;
Corduliidae;;;;;;;;;;;;;;;;;;;
Oceaniidae;;;;;;;;;;;;;;;;;;;
Nanophyidae;;;;;;;;;;;;;;;;;;;
Podonidae;;;;;;;;;;;;;;;;;;;
Digamasellidae;;;;;;;;;;;;;;;;;;;
Cornulariidae;;;;;;;;;;;;;;;;;;;
Cymbuliidae;;;;;;;;;;;;;;;;;;;
Coronarctidae;;;;;;;;;;;;;;;;;;;
Coronididae;;;;;;;;;;;;;;;;;;;
Lichenoporidae;;;;;;;;;;;;;;;;;;;
Coronulidae;;;;;;;;;;;;;;;;;;;
Plakinidae;;;;;;;;;;;;;;;;;;;
Callichthyidae;;;;;;;;;;;;;;;;;;;
Corynidae;;;;;;;;;;;;;;;;;;;
Coryphaenidae;;;;;;;;;;;;;;;;;;;
Corystidae;;;;;;;;;;;;;;;;;;;
Spongiidae;;;;;;;;;;;;;;;;;;;
Mitrocomidae;;;;;;;;;;;;;;;;;;;
Dryophthoridae;;;;;;;;;;;;;;;;;;;
Cossuridae;;;;;;;;;;;;;;;;;;;
Costasiellidae;;;;;;;;;;;;;;;;;;;
Psychrolutidae;;;;;;;;;;;;;;;;;;;
Cottoidei;;;;;;;;;;;;;;;;;;;
Davaineidae;;;;;;;;;;;;;;;;;;;
Chauhaneidae;;;;;;;;;;;;;;;;;;;
Tryphosidae;;;;;;;;;;;;;;;;;;;
Crambeidae;;;;;;;;;;;;;;;;;;;
Crangonyctidae;;;;;;;;;;;;;;;;;;;
Tetillidae;;;;;;;;;;;;;;;;;;;
Planodasyidae;;;;;;;;;;;;;;;;;;;
Olindiidae;;;;;;;;;;;;;;;;;;;
Cyclophoridae;;;;;;;;;;;;;;;;;;;
Tetrameridae;;;;;;;;;;;;;;;;;;;
Microlaimidae;;;;;;;;;;;;;;;;;;;
Planktonemertidae;;;;;;;;;;;;;;;;;;;
Pennatulidae;;;;;;;;;;;;;;;;;;;
Drilliidae;;;;;;;;;;;;;;;;;;;
Ostreidae;;;;;;;;;;;;;;;;;;;
Depastridae;;;;;;;;;;;;;;;;;;;
Stylopidae;;;;;;;;;;;;;;;;;;;
Phanodermatidae;;;;;;;;;;;;;;;;;;;
Crenosomatidae;;;;;;;;;;;;;;;;;;;
Cymuloporidae;;;;;;;;;;;;;;;;;;;
Creseidae;;;;;;;;;;;;;;;;;;;
Cressidae;;;;;;;;;;;;;;;;;;;
Rallidae;;;;;;;;;;;;;;;;;;;
Rhadinematidae;;;;;;;;;;;;;;;;;;;
Criodrilidae;;;;;;;;;;;;;;;;;;;
Kalliapseudidae;;;;;;;;;;;;;;;;;;;
Cristatellidae;;;;;;;;;;;;;;;;;;;
Rhynchomolgidae;;;;;;;;;;;;;;;;;;;
Soricidae;;;;;;;;;;;;;;;;;;;
Hyaenidae;;;;;;;;;;;;;;;;;;;
Solasteridae;;;;;;;;;;;;;;;;;;;
Phyllobothriidae;;;;;;;;;;;;;;;;;;;
Crowsoniellidae;;;;;;;;;;;;;;;;;;;
Lepidostomatidae;;;;;;;;;;;;;;;;;;;
Cebocaridae;;;;;;;;;;;;;;;;;;;
Lohmanniidae;;;;;;;;;;;;;;;;;;;
Parmacellidae;;;;;;;;;;;;;;;;;;;
Thoracostomopsidae;;;;;;;;;;;;;;;;;;;
Stylasteridae;;;;;;;;;;;;;;;;;;;
Polyposthiidae;;;;;;;;;;;;;;;;;;;
Cryptocelidae;;;;;;;;;;;;;;;;;;;
Cryptochetidae;;;;;;;;;;;;;;;;;;;
Cryptocopidae;;;;;;;;;;;;;;;;;;;
Duplorbidae;;;;;;;;;;;;;;;;;;;
Zygophylacidae;;;;;;;;;;;;;;;;;;;
Laemophloeidae;;;;;;;;;;;;;;;;;;;
Emplectonematidae;;;;;;;;;;;;;;;;;;;
Macronyssidae;;;;;;;;;;;;;;;;;;;
Cryptoporidae;;;;;;;;;;;;;;;;;;;
Cryptopidae;;;;;;;;;;;;;;;;;;;
Cryptosulidae;;;;;;;;;;;;;;;;;;;
Lucinidae;;;;;;;;;;;;;;;;;;;
Ctenellidae;;;;;;;;;;;;;;;;;;;
Ctenizidae;;;;;;;;;;;;;;;;;;;
Ctenobelbidae;;;;;;;;;;;;;;;;;;;
Ctenodiscidae;;;;;;;;;;;;;;;;;;;
Nomeidae;;;;;;;;;;;;;;;;;;;
Cucujidae;;;;;;;;;;;;;;;;;;;
Cucullanidae;;;;;;;;;;;;;;;;;;;
Gasterosteidae;;;;;;;;;;;;;;;;;;;
Oreasteridae;;;;;;;;;;;;;;;;;;;
Cumanotidae;;;;;;;;;;;;;;;;;;;
Cuneocytheridae;;;;;;;;;;;;;;;;;;;
Elipsocidae;;;;;;;;;;;;;;;;;;;
Cuninidae;;;;;;;;;;;;;;;;;;;
Ctenidae;;;;;;;;;;;;;;;;;;;
Trechaleidae;;;;;;;;;;;;;;;;;;;
Stathmopodidae;;;;;;;;;;;;;;;;;;;
Cupuladriidae;;;;;;;;;;;;;;;;;;;
Glareolidae;;;;;;;;;;;;;;;;;;;
Curtonotidae;;;;;;;;;;;;;;;;;;;
Campanulinidae;;;;;;;;;;;;;;;;;;;
Cuthonellidae;;;;;;;;;;;;;;;;;;;
Dipleurosomatidae;;;;;;;;;;;;;;;;;;;
Cuvierinidae;;;;;;;;;;;;;;;;;;;
Cyaneidae;;;;;;;;;;;;;;;;;;;
Paridae;;;;;;;;;;;;;;;;;;;
Cyartonematidae;;;;;;;;;;;;;;;;;;;
Holopodidae;;;;;;;;;;;;;;;;;;;
Cyathocotylidae;;;;;;;;;;;;;;;;;;;
Cybocephalidae;;;;;;;;;;;;;;;;;;;
Ganeriidae;;;;;;;;;;;;;;;;;;;
Cyclocaridae;;;;;;;;;;;;;;;;;;;
Cylindroleberididae;;;;;;;;;;;;;;;;;;;
Propeamussiidae;;;;;;;;;;;;;;;;;;;
Cyclopettidae;;;;;;;;;;;;;;;;;;;
Cyclopicinidae;;;;;;;;;;;;;;;;;;;
Cyclopinidae;;;;;;;;;;;;;;;;;;;
Schminkepinellidae;;;;;;;;;;;;;;;;;;;
Smirnovipinidae;;;;;;;;;;;;;;;;;;;
Stylostomidae;;;;;;;;;;;;;;;;;;;
Cyclopteridae;;;;;;;;;;;;;;;;;;;
Phyllodicolidae;;;;;;;;;;;;;;;;;;;
Cycloteuthidae;;;;;;;;;;;;;;;;;;;
Iguanidae;;;;;;;;;;;;;;;;;;;
Cyematidae;;;;;;;;;;;;;;;;;;;
Scaphandridae;;;;;;;;;;;;;;;;;;;
[unassigned]_Cephalaspidea;;;;;;;;;;;;;;;;;;;
Spiruridae;;;;;;;;;;;;;;;;;;;
Haplodesmidae;;;;;;;;;;;;;;;;;;;
Cylindrotomidae;;;;;;;;;;;;;;;;;;;
Cylisticidae;;;;;;;;;;;;;;;;;;;
Cymbaeremaeidae;;;;;;;;;;;;;;;;;;;
Monstrillidae;;;;;;;;;;;;;;;;;;;
Patellidae;;;;;;;;;;;;;;;;;;;
Cymidae;;;;;;;;;;;;;;;;;;;
Cymonomidae;;;;;;;;;;;;;;;;;;;
Pyrgodesmidae;;;;;;;;;;;;;;;;;;;
Cynoglossidae;;;;;;;;;;;;;;;;;;;
Muraenesocidae;;;;;;;;;;;;;;;;;;;
Dorypetalidae;;;;;;;;;;;;;;;;;;;
Cyphocarididae;;;;;;;;;;;;;;;;;;;
Cyphoderidae;;;;;;;;;;;;;;;;;;;
Flatidae;;;;;;;;;;;;;;;;;;;
Peltogasterellidae;;;;;;;;;;;;;;;;;;;
Cytherideidae;;;;;;;;;;;;;;;;;;;
Notodromadidae;;;;;;;;;;;;;;;;;;;
Habronematidae;;;;;;;;;;;;;;;;;;;
Neoatractosomatidae;;;;;;;;;;;;;;;;;;;
Polycentropodidae;;;;;;;;;;;;;;;;;;;
Cyrtaucheniidae;;;;;;;;;;;;;;;;;;;
Veigaiidae;;;;;;;;;;;;;;;;;;;
Hiatellidae;;;;;;;;;;;;;;;;;;;
Rhodacaridae;;;;;;;;;;;;;;;;;;;
Epiphanidae;;;;;;;;;;;;;;;;;;;
Mesopsocidae;;;;;;;;;;;;;;;;;;;
Trigonidiidae;;;;;;;;;;;;;;;;;;;
Cystiplanidae;;;;;;;;;;;;;;;;;;;
Cystisomatidae;;;;;;;;;;;;;;;;;;;
Protostrongylidae;;;;;;;;;;;;;;;;;;;
Cystoopsidae;;;;;;;;;;;;;;;;;;;
Phocidae;;;;;;;;;;;;;;;;;;;
Cytaeididae;;;;;;;;;;;;;;;;;;;
Cytherellidae;;;;;;;;;;;;;;;;;;;
Cytheromatidae;;;;;;;;;;;;;;;;;;;
Loxoconchidae;;;;;;;;;;;;;;;;;;;
Cytheruridae;;;;;;;;;;;;;;;;;;;
Cytocystididae;;;;;;;;;;;;;;;;;;;
Parazenidae;;;;;;;;;;;;;;;;;;;
Cyzicidae;;;;;;;;;;;;;;;;;;;
Chordodidae;;;;;;;;;;;;;;;;;;;
Hydryphantidae;;;;;;;;;;;;;;;;;;;
Dactylocalycidae;;;;;;;;;;;;;;;;;;;
Dactylogyridae;;;;;;;;;;;;;;;;;;;
Dactylopiidae;;;;;;;;;;;;;;;;;;;
Dactylopodolidae;;;;;;;;;;;;;;;;;;;
Dactylopusiidae;;;;;;;;;;;;;;;;;;;
Dactylopteridae;;;;;;;;;;;;;;;;;;;
Janirellidae;;;;;;;;;;;;;;;;;;;
Dairidae;;;;;;;;;;;;;;;;;;;
Dalatiidae;;;;;;;;;;;;;;;;;;;
Dallinidae;;;;;;;;;;;;;;;;;;;
Schendylidae;;;;;;;;;;;;;;;;;;;
Damaeolidae;;;;;;;;;;;;;;;;;;;
Spinocalanidae;;;;;;;;;;;;;;;;;;;
Dampfiellidae;;;;;;;;;;;;;;;;;;;
Thoriellidae;;;;;;;;;;;;;;;;;;;
Daniconematidae;;;;;;;;;;;;;;;;;;;
Chilodontaidae;;;;;;;;;;;;;;;;;;;
Darcythompsoniidae;;;;;;;;;;;;;;;;;;;
Darwinulidae;;;;;;;;;;;;;;;;;;;
Dascillidae;;;;;;;;;;;;;;;;;;;
Dysderidae;;;;;;;;;;;;;;;;;;;
Melittidae;;;;;;;;;;;;;;;;;;;
Pontogeneiidae;;;;;;;;;;;;;;;;;;;
Ostellidae;;;;;;;;;;;;;;;;;;;
Eurhamphaeidae;;;;;;;;;;;;;;;;;;;
Neotylenchidae;;;;;;;;;;;;;;;;;;;
Sphaerulariidae;;;;;;;;;;;;;;;;;;;
Latiremidae;;;;;;;;;;;;;;;;;;;
Haplotaxidae;;;;;;;;;;;;;;;;;;;
Monodontidae;;;;;;;;;;;;;;;;;;;
Delphinidae;;;;;;;;;;;;;;;;;;;
Turbinoliidae;;;;;;;;;;;;;;;;;;;
Deltocyathidae;;;;;;;;;;;;;;;;;;;
Pandaridae;;;;;;;;;;;;;;;;;;;
Dendoricellidae;;;;;;;;;;;;;;;;;;;
Picidae;;;;;;;;;;;;;;;;;;;
Dendrocygnidae;;;;;;;;;;;;;;;;;;;
Dendrodorididae;;;;;;;;;;;;;;;;;;;
Meandrinidae;;;;;;;;;;;;;;;;;;;
Dendronotidae;;;;;;;;;;;;;;;;;;;
Vermetidae;;;;;;;;;;;;;;;;;;;
Plumulariidae;;;;;;;;;;;;;;;;;;;
Illiosentidae;;;;;;;;;;;;;;;;;;;
Sergestidae;;;;;;;;;;;;;;;;;;;
Haliclystidae;;;;;;;;;;;;;;;;;;;
Tetrigidae;;;;;;;;;;;;;;;;;;;
Derichthyidae;;;;;;;;;;;;;;;;;;;
Dericorythidae;;;;;;;;;;;;;;;;;;;
Parthenopidae;;;;;;;;;;;;;;;;;;;
Dermanyssidae;;;;;;;;;;;;;;;;;;;
Dermationidae;;;;;;;;;;;;;;;;;;;
Dermochelyidae;;;;;;;;;;;;;;;;;;;
Dermoglyphidae;;;;;;;;;;;;;;;;;;;
Kramerellidae;;;;;;;;;;;;;;;;;;;
Microbothriidae;;;;;;;;;;;;;;;;;;;
Agriolimacidae;;;;;;;;;;;;;;;;;;;
Derocheilocarididae;;;;;;;;;;;;;;;;;;;
Derodontidae;;;;;;;;;;;;;;;;;;;
Jacobsoniidae;;;;;;;;;;;;;;;;;;;
Acanthocolpidae;;;;;;;;;;;;;;;;;;;
Desmacellidae;;;;;;;;;;;;;;;;;;;
Desmacididae;;;;;;;;;;;;;;;;;;;
Talpidae;;;;;;;;;;;;;;;;;;;
Desmanthidae;;;;;;;;;;;;;;;;;;;
Desmidocercidae;;;;;;;;;;;;;;;;;;;
Turbanellidae;;;;;;;;;;;;;;;;;;;
Trachipteridae;;;;;;;;;;;;;;;;;;;
Milichiidae;;;;;;;;;;;;;;;;;;;
Desmopteridae;;;;;;;;;;;;;;;;;;;
Heligmosomidae;;;;;;;;;;;;;;;;;;;
Cryptochiridae;;;;;;;;;;;;;;;;;;;
Microscaphidiidae;;;;;;;;;;;;;;;;;;;
Eriocottidae;;;;;;;;;;;;;;;;;;;
Xystodesmidae;;;;;;;;;;;;;;;;;;;
Dexaminidae;;;;;;;;;;;;;;;;;;;
Diadocidiidae;;;;;;;;;;;;;;;;;;;
Diadumenidae;;;;;;;;;;;;;;;;;;;
Diaixidae;;;;;;;;;;;;;;;;;;;
Diaphanidae;;;;;;;;;;;;;;;;;;;
Sididae;;;;;;;;;;;;;;;;;;;
Calycidorididae;;;;;;;;;;;;;;;;;;;
Pronocephalidae;;;;;;;;;;;;;;;;;;;
Diascorhynchidae;;;;;;;;;;;;;;;;;;;
Synaphobranchidae;;;;;;;;;;;;;;;;;;;
Diazonidae;;;;;;;;;;;;;;;;;;;
Trichoceridae;;;;;;;;;;;;;;;;;;;
Oonopidae;;;;;;;;;;;;;;;;;;;
Ogcocephalidae;;;;;;;;;;;;;;;;;;;
Drilonematidae;;;;;;;;;;;;;;;;;;;
Mecistocephalidae;;;;;;;;;;;;;;;;;;;
Moronidae;;;;;;;;;;;;;;;;;;;
Dichaeturidae;;;;;;;;;;;;;;;;;;;
Diplotriaenidae;;;;;;;;;;;;;;;;;;;
Poecilasmatidae;;;;;;;;;;;;;;;;;;;
Octochaetidae;;;;;;;;;;;;;;;;;;;
Diclybothriidae;;;;;;;;;;;;;;;;;;;
Octacnemidae;;;;;;;;;;;;;;;;;;;
Stenocephalidae;;;;;;;;;;;;;;;;;;;
Homolodromiidae;;;;;;;;;;;;;;;;;;;
Dicranolasmatidae;;;;;;;;;;;;;;;;;;;
Pediciidae;;;;;;;;;;;;;;;;;;;
Haploporidae;;;;;;;;;;;;;;;;;;;
Dictyocaulidae;;;;;;;;;;;;;;;;;;;
Dicyemidae;;;;;;;;;;;;;;;;;;;
Didemnidae;;;;;;;;;;;;;;;;;;;
Rhaphidophoridae;;;;;;;;;;;;;;;;;;;
Dignathodontidae;;;;;;;;;;;;;;;;;;;
Lepocreadiidae;;;;;;;;;;;;;;;;;;;
Dilaridae;;;;;;;;;;;;;;;;;;;
Margarodidae;;;;;;;;;;;;;;;;;;;
Dinonemertidae;;;;;;;;;;;;;;;;;;;
Dinophilidae;;;;;;;;;;;;;;;;;;;
Dinopontiidae;;;;;;;;;;;;;;;;;;;
Halolaelapidae;;;;;;;;;;;;;;;;;;;
Urodinychidae;;;;;;;;;;;;;;;;;;;
Dioctophymatidae;;;;;;;;;;;;;;;;;;;
Pemphredonidae;;;;;;;;;;;;;;;;;;;
Fissurellidae;;;;;;;;;;;;;;;;;;;
Dioecocestidae;;;;;;;;;;;;;;;;;;;
Diomedeidae;;;;;;;;;;;;;;;;;;;
Dionchidae;;;;;;;;;;;;;;;;;;;
Diopisthoporidae;;;;;;;;;;;;;;;;;;;
Diphtherophoridae;;;;;;;;;;;;;;;;;;;
Spirastrellidae;;;;;;;;;;;;;;;;;;;
Diplectanidae;;;;;;;;;;;;;;;;;;;
Siboglinidae;;;;;;;;;;;;;;;;;;;
Diplodiscidae;;;;;;;;;;;;;;;;;;;
Ungulinidae;;;;;;;;;;;;;;;;;;;
Diplogasteroididae;;;;;;;;;;;;;;;;;;;
Diplopeltoididae;;;;;;;;;;;;;;;;;;;
Pterasteridae;;;;;;;;;;;;;;;;;;;
Dipylidiidae;;;;;;;;;;;;;;;;;;;
Diploscapteridae;;;;;;;;;;;;;;;;;;;
Plagioeciidae;;;;;;;;;;;;;;;;;;;
Gempylidae;;;;;;;;;;;;;;;;;;;
Diplozoidae;;;;;;;;;;;;;;;;;;;
Tetracampidae;;;;;;;;;;;;;;;;;;;
Diprionidae;;;;;;;;;;;;;;;;;;;
Diretmidae;;;;;;;;;;;;;;;;;;;
Discoidae;;;;;;;;;;;;;;;;;;;
Plehniidae;;;;;;;;;;;;;;;;;;;
Charopidae;;;;;;;;;;;;;;;;;;;
Theonellidae;;;;;;;;;;;;;;;;;;;
Patulidae;;;;;;;;;;;;;;;;;;;
Discidae;;;;;;;;;;;;;;;;;;;
Macrochelidae;;;;;;;;;;;;;;;;;;;
Nototheniidae;;;;;;;;;;;;;;;;;;;
Holozoidae;;;;;;;;;;;;;;;;;;;
Renillidae;;;;;;;;;;;;;;;;;;;
Personidae;;;;;;;;;;;;;;;;;;;
Ditomyiidae;;;;;;;;;;;;;;;;;;;
Echinobothriidae;;;;;;;;;;;;;;;;;;;
Diurodrilidae;;;;;;;;;;;;;;;;;;;
Dixidae;;;;;;;;;;;;;;;;;;;
Otocepheidae;;;;;;;;;;;;;;;;;;;
Dolichodoridae;;;;;;;;;;;;;;;;;;;
Ironidae;;;;;;;;;;;;;;;;;;;
Icteridae;;;;;;;;;;;;;;;;;;;
Sphaerolaimidae;;;;;;;;;;;;;;;;;;;
Doliolidae;;;;;;;;;;;;;;;;;;;
Andrognathidae;;;;;;;;;;;;;;;;;;;
Panopistidae;;;;;;;;;;;;;;;;;;;
Oribatulidae;;;;;;;;;;;;;;;;;;;
Donacidae;;;;;;;;;;;;;;;;;;;
Akiodorididae;;;;;;;;;;;;;;;;;;;
Dorydrilidae;;;;;;;;;;;;;;;;;;;
Dorypethalidae;;;;;;;;;;;;;;;;;;;
Doryphallophoridae;;;;;;;;;;;;;;;;;;;
Doryporellidae;;;;;;;;;;;;;;;;;;;
Psyllipsocidae;;;;;;;;;;;;;;;;;;;
Dotidae;;;;;;;;;;;;;;;;;;;
Tullbergiidae;;;;;;;;;;;;;;;;;;;
Draconematidae;;;;;;;;;;;;;;;;;;;
Xenotrichulidae;;;;;;;;;;;;;;;;;;;
Hemerobiidae;;;;;;;;;;;;;;;;;;;
Drepanogigantidae;;;;;;;;;;;;;;;;;;;
Drepanophoridae;;;;;;;;;;;;;;;;;;;
Sacculinidae;;;;;;;;;;;;;;;;;;;
Nephtheidae;;;;;;;;;;;;;;;;;;;
Drilidae;;;;;;;;;;;;;;;;;;;
Dromiidae;;;;;;;;;;;;;;;;;;;
Ephemerellidae;;;;;;;;;;;;;;;;;;;
Dryadaulidae;;;;;;;;;;;;;;;;;;;
Drymonematidae;;;;;;;;;;;;;;;;;;;
Dryodoridae;;;;;;;;;;;;;;;;;;;
Gliridae;;;;;;;;;;;;;;;;;;;
Dryomyzidae;;;;;;;;;;;;;;;;;;;
Dryopidae;;;;;;;;;;;;;;;;;;;
Dugesiidae;;;;;;;;;;;;;;;;;;;
Dulichiidae;;;;;;;;;;;;;;;;;;;
Mimidae;;;;;;;;;;;;;;;;;;;
Elmidae;;;;;;;;;;;;;;;;;;;
Dussumieriidae;;;;;;;;;;;;;;;;;;;
Tritoniidae;;;;;;;;;;;;;;;;;;;
Eriocraniidae;;;;;;;;;;;;;;;;;;;
Dysideidae;;;;;;;;;;;;;;;;;;;
Panopeidae;;;;;;;;;;;;;;;;;;;
Mactridae;;;;;;;;;;;;;;;;;;;
Cingulopsidae;;;;;;;;;;;;;;;;;;;
Murchisonellidae;;;;;;;;;;;;;;;;;;;
Leucosiidae;;;;;;;;;;;;;;;;;;;
Philodromidae;;;;;;;;;;;;;;;;;;;
Echeneibothriidae;;;;;;;;;;;;;;;;;;;
Echeneidae;;;;;;;;;;;;;;;;;;;
Trachinidae;;;;;;;;;;;;;;;;;;;
Echinasteridae;;;;;;;;;;;;;;;;;;;
Echiniscoididae;;;;;;;;;;;;;;;;;;;
Loveniidae;;;;;;;;;;;;;;;;;;;
Gnathostomatidae;;;;;;;;;;;;;;;;;;;
Taeniidae;;;;;;;;;;;;;;;;;;;
Ypsilothuriidae;;;;;;;;;;;;;;;;;;;
Fibulariidae;;;;;;;;;;;;;;;;;;;
Echinoderidae;;;;;;;;;;;;;;;;;;;
Littorinidae;;;;;;;;;;;;;;;;;;;
Echinophallidae;;;;;;;;;;;;;;;;;;;
Gnesiocerotidae;;;;;;;;;;;;;;;;;;;
Echinorhinidae;;;;;;;;;;;;;;;;;;;
Phellodermidae;;;;;;;;;;;;;;;;;;;
Echinidae;;;;;;;;;;;;;;;;;;;
Echiuridae;;;;;;;;;;;;;;;;;;;
Lepidopsocidae;;;;;;;;;;;;;;;;;;;
Ecnomidae;;;;;;;;;;;;;;;;;;;
Ecphyadophoridae;;;;;;;;;;;;;;;;;;;
Perophoridae;;;;;;;;;;;;;;;;;;;
Tubulariidae;;;;;;;;;;;;;;;;;;;
Ectopsocidae;;;;;;;;;;;;;;;;;;;
Edwardsiidae;;;;;;;;;;;;;;;;;;;
Plutellidae;;;;;;;;;;;;;;;;;;;
Eirenidae;;;;;;;;;;;;;;;;;;;
Expanathuridae;;;;;;;;;;;;;;;;;;;
Phyllophoridae;;;;;;;;;;;;;;;;;;;
Ektaphelenchidae;;;;;;;;;;;;;;;;;;;
Elachisinidae;;;;;;;;;;;;;;;;;;;
Lymexylidae;;;;;;;;;;;;;;;;;;;
Eledonidae;;;;;;;;;;;;;;;;;;;
Elenchidae;;;;;;;;;;;;;;;;;;;
Elephantidae;;;;;;;;;;;;;;;;;;;
Pruvotinidae;;;;;;;;;;;;;;;;;;;
Madrellidae;;;;;;;;;;;;;;;;;;;
Ellisellidae;;;;;;;;;;;;;;;;;;;
Ellisinidae;;;;;;;;;;;;;;;;;;;
Xantonychidae;;;;;;;;;;;;;;;;;;;
Embletoniidae;;;;;;;;;;;;;;;;;;;
Embolemidae;;;;;;;;;;;;;;;;;;;
Emmericiidae;;;;;;;;;;;;;;;;;;;
Tyrannidae;;;;;;;;;;;;;;;;;;;
Emydidae;;;;;;;;;;;;;;;;;;;
Lamippidae;;;;;;;;;;;;;;;;;;;
Enantiidae;;;;;;;;;;;;;;;;;;;
Tomopteridae;;;;;;;;;;;;;;;;;;;
Nordiidae;;;;;;;;;;;;;;;;;;;
Endecatomidae;;;;;;;;;;;;;;;;;;;
Endeidae;;;;;;;;;;;;;;;;;;;
Paracaeciliidae;;;;;;;;;;;;;;;;;;;
Enderleinellidae;;;;;;;;;;;;;;;;;;;
Poecilostomatoida_incertae_sedis;;;;;;;;;;;;;;;;;;;
Endromidae;;;;;;;;;;;;;;;;;;;
Geocoridae;;;;;;;;;;;;;;;;;;;
Engraulidae;;;;;;;;;;;;;;;;;;;
Eniochthoniidae;;;;;;;;;;;;;;;;;;;
Enoplocotylidae;;;;;;;;;;;;;;;;;;;
Enoplometopidae;;;;;;;;;;;;;;;;;;;
Enoplidae;;;;;;;;;;;;;;;;;;;
Endevouridae;;;;;;;;;;;;;;;;;;;
Pharidae;;;;;;;;;;;;;;;;;;;
Entaphelenchidae;;;;;;;;;;;;;;;;;;;
Enteropsidae;;;;;;;;;;;;;;;;;;;
Enteroctopodidae;;;;;;;;;;;;;;;;;;;
Enterognathidae;;;;;;;;;;;;;;;;;;;
Entobiidae;;;;;;;;;;;;;;;;;;;
Rhabdiasidae;;;;;;;;;;;;;;;;;;;
Entomobielziidae;;;;;;;;;;;;;;;;;;;
Entomolepididae;;;;;;;;;;;;;;;;;;;
Rhopalomeniidae;;;;;;;;;;;;;;;;;;;
Pelagothuriidae;;;;;;;;;;;;;;;;;;;
Hypochthoniidae;;;;;;;;;;;;;;;;;;;
Leptestheriidae;;;;;;;;;;;;;;;;;;;
Eosentomidae;;;;;;;;;;;;;;;;;;;
Microphoridae;;;;;;;;;;;;;;;;;;;
Tanaupodidae;;;;;;;;;;;;;;;;;;;
Mengenillidae;;;;;;;;;;;;;;;;;;;
Euphaeidae;;;;;;;;;;;;;;;;;;;
Epermeniidae;;;;;;;;;;;;;;;;;;;
Ephemeridae;;;;;;;;;;;;;;;;;;;
Polymitarcyidae;;;;;;;;;;;;;;;;;;;
Spongillidae;;;;;;;;;;;;;;;;;;;
Hexabothriidae;;;;;;;;;;;;;;;;;;;
Epidermoptidae;;;;;;;;;;;;;;;;;;;
Epigonidae;;;;;;;;;;;;;;;;;;;
Epilohmanniidae;;;;;;;;;;;;;;;;;;;
Epimeriidae;;;;;;;;;;;;;;;;;;;
Lichomolgidae;;;;;;;;;;;;;;;;;;;
Epinannolenidae;;;;;;;;;;;;;;;;;;;
Mitridae;;;;;;;;;;;;;;;;;;;
Gadilinidae;;;;;;;;;;;;;;;;;;;
Epistomiidae;;;;;;;;;;;;;;;;;;;
Synaptidae;;;;;;;;;;;;;;;;;;;
Epizoanthidae;;;;;;;;;;;;;;;;;;;
Epsilonematidae;;;;;;;;;;;;;;;;;;;
Equidae;;;;;;;;;;;;;;;;;;;
Eratoidae;;;;;;;;;;;;;;;;;;;
Eremaeidae;;;;;;;;;;;;;;;;;;;
Aegialiidae;;;;;;;;;;;;;;;;;;;
Eremellidae;;;;;;;;;;;;;;;;;;;
Eremobelbidae;;;;;;;;;;;;;;;;;;;
Eremulidae;;;;;;;;;;;;;;;;;;;
Erennidae;;;;;;;;;;;;;;;;;;;
Cheloniidae_;;;;;;;;;;;;;;;;;;;
Ergasilidae;;;;;;;;;;;;;;;;;;;
Tetraonchidae;;;;;;;;;;;;;;;;;;;
Lottiidae;;;;;;;;;;;;;;;;;;;
Leptopodidae;;;;;;;;;;;;;;;;;;;
Kermesidae;;;;;;;;;;;;;;;;;;;
Eriopisidae;;;;;;;;;;;;;;;;;;;
Eriphiidae;;;;;;;;;;;;;;;;;;;
Muscicapidae;;;;;;;;;;;;;;;;;;;
Saxicolidae;;;;;;;;;;;;;;;;;;;
Cypraeidae;;;;;;;;;;;;;;;;;;;
Squillidae;;;;;;;;;;;;;;;;;;;
Emmelichthyidae;;;;;;;;;;;;;;;;;;;
Boidae;;;;;;;;;;;;;;;;;;;
Escharellidae;;;;;;;;;;;;;;;;;;;
Escharinidae;;;;;;;;;;;;;;;;;;;
Exochellidae;;;;;;;;;;;;;;;;;;;
Eschrichtiidae;;;;;;;;;;;;;;;;;;;
Skrjabillanidae;;;;;;;;;;;;;;;;;;;
Esocidae;;;;;;;;;;;;;;;;;;;
Thiaridae;;;;;;;;;;;;;;;;;;;
Scutoverticidae;;;;;;;;;;;;;;;;;;;
Ethmolaimidae;;;;;;;;;;;;;;;;;;;
Zonorhynchidae;;;;;;;;;;;;;;;;;;;
Ethusidae;;;;;;;;;;;;;;;;;;;
Thoridae;;;;;;;;;;;;;;;;;;;
Psephenidae;;;;;;;;;;;;;;;;;;;
Eucalanidae;;;;;;;;;;;;;;;;;;;
Euchaetidae;;;;;;;;;;;;;;;;;;;
Eucharitidae;;;;;;;;;;;;;;;;;;;
Lovenellidae;;;;;;;;;;;;;;;;;;;
Plagusiidae;;;;;;;;;;;;;;;;;;;
Eucinetidae;;;;;;;;;;;;;;;;;;;
Vitrinidae;;;;;;;;;;;;;;;;;;;
Eucodoniidae;;;;;;;;;;;;;;;;;;;
Euconulidae;;;;;;;;;;;;;;;;;;;
Eucopiidae;;;;;;;;;;;;;;;;;;;
Eucotylidae;;;;;;;;;;;;;;;;;;;
Euryplacidae;;;;;;;;;;;;;;;;;;;
Eucrateidae;;;;;;;;;;;;;;;;;;;
Eucytheridae;;;;;;;;;;;;;;;;;;;
Eudactylinidae;;;;;;;;;;;;;;;;;;;
Meessiidae;;;;;;;;;;;;;;;;;;;
Eudaroniidae;;;;;;;;;;;;;;;;;;;
Eudendriidae;;;;;;;;;;;;;;;;;;;
Platyischnopidae;;;;;;;;;;;;;;;;;;;
Tonnidae;;;;;;;;;;;;;;;;;;;
Leuconidae;;;;;;;;;;;;;;;;;;;
Eudrilidae;;;;;;;;;;;;;;;;;;;
Spheniscidae;;;;;;;;;;;;;;;;;;;
Ocnerodrilidae;;;;;;;;;;;;;;;;;;;
Eukoeneniidae;;;;;;;;;;;;;;;;;;;
Eukrohniidae;;;;;;;;;;;;;;;;;;;
Laemobothriidae;;;;;;;;;;;;;;;;;;;
Polyplacidae;;;;;;;;;;;;;;;;;;;
Eulohmanniidae;;;;;;;;;;;;;;;;;;;
Eumegacetidae;;;;;;;;;;;;;;;;;;;
Eumunididae;;;;;;;;;;;;;;;;;;;
Eunicidae;;;;;;;;;;;;;;;;;;;
Eunicicolidae;;;;;;;;;;;;;;;;;;;
Acoetidae;;;;;;;;;;;;;;;;;;;
Pasiphaeidae;;;;;;;;;;;;;;;;;;;
Phenopelopidae;;;;;;;;;;;;;;;;;;;
Protoglomeridae;;;;;;;;;;;;;;;;;;;
Euphausiidae;;;;;;;;;;;;;;;;;;;
Euphrosinidae;;;;;;;;;;;;;;;;;;;
Liviidae;;;;;;;;;;;;;;;;;;;
Euplectellidae;;;;;;;;;;;;;;;;;;;
Euplokamididae;;;;;;;;;;;;;;;;;;;
Lithobiidae;;;;;;;;;;;;;;;;;;;
Prosthiostomidae;;;;;;;;;;;;;;;;;;;
Eupyrgidae;;;;;;;;;;;;;;;;;;;
Monotomidae;;;;;;;;;;;;;;;;;;;
Scutelleridae;;;;;;;;;;;;;;;;;;;
Pallopteridae;;;;;;;;;;;;;;;;;;;
Majidae;;;;;;;;;;;;;;;;;;;
Fanniidae;;;;;;;;;;;;;;;;;;;
Pseudoziidae;;;;;;;;;;;;;;;;;;;
Eurypharyngidae;;;;;;;;;;;;;;;;;;;
Artematopodidae;;;;;;;;;;;;;;;;;;;
Herpyllobiidae;;;;;;;;;;;;;;;;;;;
Eurysquillidae;;;;;;;;;;;;;;;;;;;
Syringobiidae;;;;;;;;;;;;;;;;;;;
Euryteidae;;;;;;;;;;;;;;;;;;;
Temoridae;;;;;;;;;;;;;;;;;;;
Eurytheneidae;;;;;;;;;;;;;;;;;;;
Scheloribatidae;;;;;;;;;;;;;;;;;;;
Tetratomidae;;;;;;;;;;;;;;;;;;;
Phoxocephalidae;;;;;;;;;;;;;;;;;;;
Euteliidae;;;;;;;;;;;;;;;;;;;
Metateratocephalidae;;;;;;;;;;;;;;;;;;;
Termitidae;;;;;;;;;;;;;;;;;;;
Tachidiidae;;;;;;;;;;;;;;;;;;;
Eutetrarhynchidae;;;;;;;;;;;;;;;;;;;
Tudiclidae;;;;;;;;;;;;;;;;;;;
Euzetidae;;;;;;;;;;;;;;;;;;;
Iagotrematidae;;;;;;;;;;;;;;;;;;;
Uraniidae;;;;;;;;;;;;;;;;;;;
Tubuliporidae;;;;;;;;;;;;;;;;;;;
Halechiniscidae;;;;;;;;;;;;;;;;;;;
Paratanaoidea_incertae_sedis;;;;;;;;;;;;;;;;;;;
Pseudocyclopidae;;;;;;;;;;;;;;;;;;;
Eylaidae;;;;;;;;;;;;;;;;;;;
Spinturnicidae;;;;;;;;;;;;;;;;;;;
Magapiidae;;;;;;;;;;;;;;;;;;;
Nettastomatidae;;;;;;;;;;;;;;;;;;;
Faginidae;;;;;;;;;;;;;;;;;;;
Kathlaniidae;;;;;;;;;;;;;;;;;;;
Falconidae;;;;;;;;;;;;;;;;;;;
Falculiferidae;;;;;;;;;;;;;;;;;;;
Aulacothyropsidae;;;;;;;;;;;;;;;;;;;
Farreidae;;;;;;;;;;;;;;;;;;;
Farrellidae;;;;;;;;;;;;;;;;;;;
Fasciolidae;;;;;;;;;;;;;;;;;;;
Fauveliopsidae;;;;;;;;;;;;;;;;;;;
Cambaridae;;;;;;;;;;;;;;;;;;;
Fecampiidae;;;;;;;;;;;;;;;;;;;
Fellodistomidae;;;;;;;;;;;;;;;;;;;
Feltriidae;;;;;;;;;;;;;;;;;;;
Fenestrulinidae;;;;;;;;;;;;;;;;;;;
Penaeidae;;;;;;;;;;;;;;;;;;;
Smarididae;;;;;;;;;;;;;;;;;;;
Inocelliidae;;;;;;;;;;;;;;;;;;;
Neodiplogastridae;;;;;;;;;;;;;;;;;;;
Fieldingiidae;;;;;;;;;;;;;;;;;;;
Filariidae;;;;;;;;;;;;;;;;;;;
Filaroididae;;;;;;;;;;;;;;;;;;;
Trochosphaeridae;;;;;;;;;;;;;;;;;;;
Filiniidae;;;;;;;;;;;;;;;;;;;
Filistatidae;;;;;;;;;;;;;;;;;;;
Scaliolidae;;;;;;;;;;;;;;;;;;;
Fionidae;;;;;;;;;;;;;;;;;;;
Pterotracheidae;;;;;;;;;;;;;;;;;;;
Gastrothylacidae;;;;;;;;;;;;;;;;;;;
Fistulariidae;;;;;;;;;;;;;;;;;;;
Clausiidae;;;;;;;;;;;;;;;;;;;
Licnobelbidae;;;;;;;;;;;;;;;;;;;
Flabellidae;;;;;;;;;;;;;;;;;;;
Ascopariidae;;;;;;;;;;;;;;;;;;;
Neoechinorhynchidae;;;;;;;;;;;;;;;;;;;
Flustrellidridae;;;;;;;;;;;;;;;;;;;
Pseudocumatidae;;;;;;;;;;;;;;;;;;;
Forskaliidae;;;;;;;;;;;;;;;;;;;
Planaxidae;;;;;;;;;;;;;;;;;;;
Procerodidae;;;;;;;;;;;;;;;;;;;
Microhypsibiidae;;;;;;;;;;;;;;;;;;;
Sphyrapodidae;;;;;;;;;;;;;;;;;;;
Fratiidae;;;;;;;;;;;;;;;;;;;
Fredericellidae;;;;;;;;;;;;;;;;;;;
Fregatidae;;;;;;;;;;;;;;;;;;;
Frontipodopsidae;;;;;;;;;;;;;;;;;;;
Fundulidae;;;;;;;;;;;;;;;;;;;
Fungiacyathidae;;;;;;;;;;;;;;;;;;;
Iotonchiidae;;;;;;;;;;;;;;;;;;;
Funiculinidae;;;;;;;;;;;;;;;;;;;
Furnariidae;;;;;;;;;;;;;;;;;;;
Fasciolariidae;;;;;;;;;;;;;;;;;;;
Fusiturridae;;;;;;;;;;;;;;;;;;;
Fustiariidae;;;;;;;;;;;;;;;;;;;
Galacticidae;;;;;;;;;;;;;;;;;;;
Galatheidae;;;;;;;;;;;;;;;;;;;
Peltogastridae;;;;;;;;;;;;;;;;;;;
Oweniidae;;;;;;;;;;;;;;;;;;;
Cassidae;;;;;;;;;;;;;;;;;;;
Galeodidae;;;;;;;;;;;;;;;;;;;
Polynemidae;;;;;;;;;;;;;;;;;;;
Galeommatidae;;;;;;;;;;;;;;;;;;;
Triakidae;;;;;;;;;;;;;;;;;;;
Scyliorhinidae;;;;;;;;;;;;;;;;;;;
Galliobatidae;;;;;;;;;;;;;;;;;;;
Ologamasidae;;;;;;;;;;;;;;;;;;;
Parholaspididae;;;;;;;;;;;;;;;;;;;
Poeciliidae;;;;;;;;;;;;;;;;;;;
Gammaracanthidae;;;;;;;;;;;;;;;;;;;
Nuuanuidae;;;;;;;;;;;;;;;;;;;
Gammarellidae;;;;;;;;;;;;;;;;;;;
Photidae;;;;;;;;;;;;;;;;;;;
Psammobiidae;;;;;;;;;;;;;;;;;;;
Garypidae;;;;;;;;;;;;;;;;;;;
Gasteropteridae;;;;;;;;;;;;;;;;;;;
Gasteruptiidae;;;;;;;;;;;;;;;;;;;
Gastrocotylidae;;;;;;;;;;;;;;;;;;;
Gastrodelphyidae;;;;;;;;;;;;;;;;;;;
Gastrodiscidae;;;;;;;;;;;;;;;;;;;
Paralichthyidae;;;;;;;;;;;;;;;;;;;
Gastropteridae;;;;;;;;;;;;;;;;;;;
Trissexodontidae;;;;;;;;;;;;;;;;;;;
Gaudoglyphidae;;;;;;;;;;;;;;;;;;;
Metridinidae;;;;;;;;;;;;;;;;;;;
Gaviidae;;;;;;;;;;;;;;;;;;;
Hepialidae;;;;;;;;;;;;;;;;;;;
Upogebiidae;;;;;;;;;;;;;;;;;;;
Gehypochthoniidae;;;;;;;;;;;;;;;;;;;
Pelagonemertidae;;;;;;;;;;;;;;;;;;;
Niphatidae;;;;;;;;;;;;;;;;;;;
Gelyellidae;;;;;;;;;;;;;;;;;;;
Pasytheidae;;;;;;;;;;;;;;;;;;;
Pisaniidae;;;;;;;;;;;;;;;;;;;
Viverridae;;;;;;;;;;;;;;;;;;;
Gymnomeniidae;;;;;;;;;;;;;;;;;;;
Trigonocidaridae;;;;;;;;;;;;;;;;;;;
Genostomatidae;;;;;;;;;;;;;;;;;;;
Prorhynchidae;;;;;;;;;;;;;;;;;;;
Geogarypidae;;;;;;;;;;;;;;;;;;;
Scolopendrellidae;;;;;;;;;;;;;;;;;;;
Georissidae;;;;;;;;;;;;;;;;;;;
Trachichthyidae;;;;;;;;;;;;;;;;;;;
Hyocrinidae;;;;;;;;;;;;;;;;;;;
Gephyrothuriidae;;;;;;;;;;;;;;;;;;;
Meyliidae;;;;;;;;;;;;;;;;;;;
Threskiornithidae;;;;;;;;;;;;;;;;;;;
Gerreidae;;;;;;;;;;;;;;;;;;;
Geryoniidae;;;;;;;;;;;;;;;;;;;
Zetomotrichidae;;;;;;;;;;;;;;;;;;;
Cystiscidae;;;;;;;;;;;;;;;;;;;
Streptaxidae;;;;;;;;;;;;;;;;;;;
Pupillidae;;;;;;;;;;;;;;;;;;;
Gietellidae;;;;;;;;;;;;;;;;;;;
Gigantactinidae;;;;;;;;;;;;;;;;;;;
Gilquiniidae;;;;;;;;;;;;;;;;;;;
Ginglymostomatidae;;;;;;;;;;;;;;;;;;;
Giraffidae;;;;;;;;;;;;;;;;;;;
Laqueidae;;;;;;;;;;;;;;;;;;;
Glaresidae;;;;;;;;;;;;;;;;;;;
Glaucidae;;;;;;;;;;;;;;;;;;;
Gliricolidae;;;;;;;;;;;;;;;;;;;
Glomeridellidae;;;;;;;;;;;;;;;;;;;
Glossidae;;;;;;;;;;;;;;;;;;;
Viperidae;;;;;;;;;;;;;;;;;;;
Glyceridae;;;;;;;;;;;;;;;;;;;
Goniadidae;;;;;;;;;;;;;;;;;;;
Glycymerididae;;;;;;;;;;;;;;;;;;;
Glyphocrangonidae;;;;;;;;;;;;;;;;;;;
Pleuronectidae;;;;;;;;;;;;;;;;;;;
Micruropodidae;;;;;;;;;;;;;;;;;;;
Lethrinidae;;;;;;;;;;;;;;;;;;;
Gnathophausiidae;;;;;;;;;;;;;;;;;;;
Gnathostomariidae;;;;;;;;;;;;;;;;;;;
Gnathostomulidae;;;;;;;;;;;;;;;;;;;
Labrisomidae;;;;;;;;;;;;;;;;;;;
Goeridae;;;;;;;;;;;;;;;;;;;
Raphidascarididae;;;;;;;;;;;;;;;;;;;
Golfingiidae;;;;;;;;;;;;;;;;;;;
Pristilomatidae;;;;;;;;;;;;;;;;;;;
Isthmosacanthidae;;;;;;;;;;;;;;;;;;;
Pterolonchidae;;;;;;;;;;;;;;;;;;;
Gomphidae;;;;;;;;;;;;;;;;;;;
Gonactiniidae;;;;;;;;;;;;;;;;;;;
Gonatidae;;;;;;;;;;;;;;;;;;;
Goneplacidae;;;;;;;;;;;;;;;;;;;
Gongylonematidae;;;;;;;;;;;;;;;;;;;
Goniaeolididae;;;;;;;;;;;;;;;;;;;
Gonocercidae;;;;;;;;;;;;;;;;;;;
Nematalycidae;;;;;;;;;;;;;;;;;;;
Gordiidae;;;;;;;;;;;;;;;;;;;
Gorgoderidae;;;;;;;;;;;;;;;;;;;
Hominidae;;;;;;;;;;;;;;;;;;;
Gotocotylidae;;;;;;;;;;;;;;;;;;;
Ctenochelidae;;;;;;;;;;;;;;;;;;;
Ischnomesidae;;;;;;;;;;;;;;;;;;;
Grammatidae;;;;;;;;;;;;;;;;;;;
Grammicolepididae;;;;;;;;;;;;;;;;;;;
Mylonchulidae;;;;;;;;;;;;;;;;;;;
Granulinidae;;;;;;;;;;;;;;;;;;;
Stenopsocidae;;;;;;;;;;;;;;;;;;;
Grapsidae;;;;;;;;;;;;;;;;;;;
Machuellidae;;;;;;;;;;;;;;;;;;;
Prodoxidae;;;;;;;;;;;;;;;;;;;
Mazocraeidae;;;;;;;;;;;;;;;;;;;
Eulepethidae;;;;;;;;;;;;;;;;;;;
Gryllotalpidae;;;;;;;;;;;;;;;;;;;
Lophocateridae;;;;;;;;;;;;;;;;;;;
Terebratulidae;;;;;;;;;;;;;;;;;;;
Gryporhynchidae;;;;;;;;;;;;;;;;;;;
Parabathynellidae;;;;;;;;;;;;;;;;;;;
Guitarridae;;;;;;;;;;;;;;;;;;;
Mustelidae;;;;;;;;;;;;;;;;;;;
Gustaviidae;;;;;;;;;;;;;;;;;;;
Guyniidae;;;;;;;;;;;;;;;;;;;
Gylippidae;;;;;;;;;;;;;;;;;;;
Zoarcidae;;;;;;;;;;;;;;;;;;;
Percidae;;;;;;;;;;;;;;;;;;;
Gymnophallidae;;;;;;;;;;;;;;;;;;;
Gymnuridae;;;;;;;;;;;;;;;;;;;
Progynotaeniidae;;;;;;;;;;;;;;;;;;;
Gyrocotylidae;;;;;;;;;;;;;;;;;;;
Gyrodactylidae;;;;;;;;;;;;;;;;;;;
Gyropidae;;;;;;;;;;;;;;;;;;;
Haaseidae;;;;;;;;;;;;;;;;;;;
Habrotrochidae;;;;;;;;;;;;;;;;;;;
Syarinidae;;;;;;;;;;;;;;;;;;;
Hadziidae;;;;;;;;;;;;;;;;;;;
Haeckeliidae;;;;;;;;;;;;;;;;;;;
Horaiclavidae;;;;;;;;;;;;;;;;;;;
Haematopinidae;;;;;;;;;;;;;;;;;;;
Haematopodidae;;;;;;;;;;;;;;;;;;;
Haemopidae;;;;;;;;;;;;;;;;;;;
Tenuialidae;;;;;;;;;;;;;;;;;;;
Oxystominidae;;;;;;;;;;;;;;;;;;;
Halammohydridae;;;;;;;;;;;;;;;;;;;
Trefusiidae;;;;;;;;;;;;;;;;;;;
Halarachnidae;;;;;;;;;;;;;;;;;;;
Dacelonidae;;;;;;;;;;;;;;;;;;;
Haleciidae;;;;;;;;;;;;;;;;;;;
Haliactinidae;;;;;;;;;;;;;;;;;;;
Pardaliscidae;;;;;;;;;;;;;;;;;;;
Lucernariidae;;;;;;;;;;;;;;;;;;;
Stelligeridae;;;;;;;;;;;;;;;;;;;
Tethyidae;;;;;;;;;;;;;;;;;;;
Priapulidae;;;;;;;;;;;;;;;;;;;
Halictophagidae;;;;;;;;;;;;;;;;;;;
Haliotidae;;;;;;;;;;;;;;;;;;;
Alloposidae;;;;;;;;;;;;;;;;;;;
Haliplectidae;;;;;;;;;;;;;;;;;;;
Halipteridae;;;;;;;;;;;;;;;;;;;
Halisarcidae;;;;;;;;;;;;;;;;;;;
Protiaridae;;;;;;;;;;;;;;;;;;;
Haploposthiidae;;;;;;;;;;;;;;;;;;;
Batrachoididae;;;;;;;;;;;;;;;;;;;
Isohypsibiidae;;;;;;;;;;;;;;;;;;;
Pseudaliidae;;;;;;;;;;;;;;;;;;;
Zancleidae;;;;;;;;;;;;;;;;;;;
Halonymphidae;;;;;;;;;;;;;;;;;;;
Halophilosciidae;;;;;;;;;;;;;;;;;;;
Protoribatidae;;;;;;;;;;;;;;;;;;;
Halosbaenidae;;;;;;;;;;;;;;;;;;;
Riodinidae;;;;;;;;;;;;;;;;;;;
Hymedesmiidae;;;;;;;;;;;;;;;;;;;
Haminoeidae;;;;;;;;;;;;;;;;;;;
Hancockiidae;;;;;;;;;;;;;;;;;;;
Hanleyidae;;;;;;;;;;;;;;;;;;;
Ascorhynchoidea_incertae_sedis;;;;;;;;;;;;;;;;;;;
Scutigerellidae;;;;;;;;;;;;;;;;;;;
Spirorchiidae;;;;;;;;;;;;;;;;;;;
Oligotomidae;;;;;;;;;;;;;;;;;;;
Haplognathiidae;;;;;;;;;;;;;;;;;;;
Verhoeffiidae;;;;;;;;;;;;;;;;;;;
Haplopharyngidae;;;;;;;;;;;;;;;;;;;
Linophrynidae;;;;;;;;;;;;;;;;;;;
Haplopomidae;;;;;;;;;;;;;;;;;;;
Haplosplanchnidae;;;;;;;;;;;;;;;;;;;
Otocelididae;;;;;;;;;;;;;;;;;;;
Trombellidae;;;;;;;;;;;;;;;;;;;
Haplozetidae;;;;;;;;;;;;;;;;;;;
Stenothoidae;;;;;;;;;;;;;;;;;;;
Harpacticidae;;;;;;;;;;;;;;;;;;;
Harpagiferidae;;;;;;;;;;;;;;;;;;;
Rhinochimaeridae;;;;;;;;;;;;;;;;;;;
Hartertiidae;;;;;;;;;;;;;;;;;;;
Hatschekiidae;;;;;;;;;;;;;;;;;;;
Haustoriidae;;;;;;;;;;;;;;;;;;;
Hebridae;;;;;;;;;;;;;;;;;;;
Caudinidae;;;;;;;;;;;;;;;;;;;
Hedruridae;;;;;;;;;;;;;;;;;;;
Hedylopsidae;;;;;;;;;;;;;;;;;;;
Helcomyzidae;;;;;;;;;;;;;;;;;;;
Cochliopidae;;;;;;;;;;;;;;;;;;;
Helicodiscidae;;;;;;;;;;;;;;;;;;;
Helicopsychidae;;;;;;;;;;;;;;;;;;;
Heligosomidae;;;;;;;;;;;;;;;;;;;
Heliodinidae;;;;;;;;;;;;;;;;;;;
Tylidae;;;;;;;;;;;;;;;;;;;
Dondersiidae;;;;;;;;;;;;;;;;;;;
Helophoridae;;;;;;;;;;;;;;;;;;;
Locustellidae;;;;;;;;;;;;;;;;;;;
Heloridae;;;;;;;;;;;;;;;;;;;
Polyphagidae;;;;;;;;;;;;;;;;;;;
Hemicycliophoridae;;;;;;;;;;;;;;;;;;;
Hemicyclopinidae;;;;;;;;;;;;;;;;;;;
Hormogastridae;;;;;;;;;;;;;;;;;;;
Lauriidae;;;;;;;;;;;;;;;;;;;
Hemiramphidae;;;;;;;;;;;;;;;;;;;
Hemithirididae;;;;;;;;;;;;;;;;;;;
Myxobolidae;;;;;;;;;;;;;;;;;;;
Enicocephalidae;;;;;;;;;;;;;;;;;;;
Sphyriocephalidae;;;;;;;;;;;;;;;;;;;
Heptamelidae;;;;;;;;;;;;;;;;;;;
Hexanchidae;;;;;;;;;;;;;;;;;;;
Hermanniidae;;;;;;;;;;;;;;;;;;;
Hermanniellidae;;;;;;;;;;;;;;;;;;;
Heroidae;;;;;;;;;;;;;;;;;;;
Herpestidae;;;;;;;;;;;;;;;;;;;
Hersilidae;;;;;;;;;;;;;;;;;;;
Microphthalmidae;;;;;;;;;;;;;;;;;;;
Hesperinidae;;;;;;;;;;;;;;;;;;;
Polyctenidae;;;;;;;;;;;;;;;;;;;
Heterakidae;;;;;;;;;;;;;;;;;;;
Heteralepadidae;;;;;;;;;;;;;;;;;;;
Sphaerocorynidae;;;;;;;;;;;;;;;;;;;
Heterodorididae;;;;;;;;;;;;;;;;;;;
Heterogastridae;;;;;;;;;;;;;;;;;;;
Heterogynaidae;;;;;;;;;;;;;;;;;;;
Heterogynidae;;;;;;;;;;;;;;;;;;;
Heterolatzeliidae;;;;;;;;;;;;;;;;;;;
Heteropiidae;;;;;;;;;;;;;;;;;;;
Heterorhabditidae;;;;;;;;;;;;;;;;;;;
Heterorhabdidae;;;;;;;;;;;;;;;;;;;
Longosomatidae;;;;;;;;;;;;;;;;;;;
Rhinotermitidae;;;;;;;;;;;;;;;;;;;
Sepiolidae;;;;;;;;;;;;;;;;;;;
Parasitylenchidae;;;;;;;;;;;;;;;;;;;
Heteroxyidae;;;;;;;;;;;;;;;;;;;
Zetomimidae;;;;;;;;;;;;;;;;;;;
Tretodictyidae;;;;;;;;;;;;;;;;;;;
Ianthellidae;;;;;;;;;;;;;;;;;;;
Tanaididae;;;;;;;;;;;;;;;;;;;
Hexarthridae;;;;;;;;;;;;;;;;;;;
Hexostomatidae;;;;;;;;;;;;;;;;;;;
Hilarimorphidae;;;;;;;;;;;;;;;;;;;
Himantolophidae;;;;;;;;;;;;;;;;;;;
Recurvirostridae;;;;;;;;;;;;;;;;;;;
Hincksiporidae;;;;;;;;;;;;;;;;;;;
Hippaliosinidae;;;;;;;;;;;;;;;;;;;
Phidoloporidae;;;;;;;;;;;;;;;;;;;
Bitectiporidae;;;;;;;;;;;;;;;;;;;
Hippopodinidae;;;;;;;;;;;;;;;;;;;
Hippopodiidae;;;;;;;;;;;;;;;;;;;
Hippoporidridae;;;;;;;;;;;;;;;;;;;
Hirondelleidae;;;;;;;;;;;;;;;;;;;
Pratylenchidae;;;;;;;;;;;;;;;;;;;
Pyroglyphidae;;;;;;;;;;;;;;;;;;;
Siphonocryptidae;;;;;;;;;;;;;;;;;;;
Hirudisomatidae;;;;;;;;;;;;;;;;;;;
Hirudinidae;;;;;;;;;;;;;;;;;;;
Frieleiidae;;;;;;;;;;;;;;;;;;;
Mydidae;;;;;;;;;;;;;;;;;;;
Ophiothamnidae;;;;;;;;;;;;;;;;;;;
Histiostomatidae;;;;;;;;;;;;;;;;;;;
Histioteuthidae;;;;;;;;;;;;;;;;;;;
Histriobdellidae;;;;;;;;;;;;;;;;;;;
Myxobilatidae;;;;;;;;;;;;;;;;;;;
Hofsteniidae;;;;;;;;;;;;;;;;;;;
Adiheterothripidae;;;;;;;;;;;;;;;;;;;
Holocentridae;;;;;;;;;;;;;;;;;;;
Holopediidae;;;;;;;;;;;;;;;;;;;
Aephnidiogenidae;;;;;;;;;;;;;;;;;;;
Cladonychiidae;;;;;;;;;;;;;;;;;;;
Apocreadiidae;;;;;;;;;;;;;;;;;;;
Nephropidae;;;;;;;;;;;;;;;;;;;
Homolidae;;;;;;;;;;;;;;;;;;;
Homotomidae;;;;;;;;;;;;;;;;;;;
Tarsocheylidae;;;;;;;;;;;;;;;;;;;
Hoploplanidae;;;;;;;;;;;;;;;;;;;
Hoplopleuridae;;;;;;;;;;;;;;;;;;;
Horneridae;;;;;;;;;;;;;;;;;;;
Howellidae;;;;;;;;;;;;;;;;;;;
Parergodrilidae;;;;;;;;;;;;;;;;;;;
Hubrechtellidae;;;;;;;;;;;;;;;;;;;
Hubrechtiidae;;;;;;;;;;;;;;;;;;;
Humerobatidae;;;;;;;;;;;;;;;;;;;
Nannopodidae;;;;;;;;;;;;;;;;;;;
Plumatellidae;;;;;;;;;;;;;;;;;;;
Hyalocylidae;;;;;;;;;;;;;;;;;;;
Hyalogyrinidae;;;;;;;;;;;;;;;;;;;
Megapontiidae;;;;;;;;;;;;;;;;;;;
Lordalychidae;;;;;;;;;;;;;;;;;;;
Hybosoridae;;;;;;;;;;;;;;;;;;;
Aplustridae;;;;;;;;;;;;;;;;;;;
Merulinidae;;;;;;;;;;;;;;;;;;;
Hydridae;;;;;;;;;;;;;;;;;;;
Hydrachnidae;;;;;;;;;;;;;;;;;;;
Hydrichthyidae;;;;;;;;;;;;;;;;;;;
Hydrobatidae;;;;;;;;;;;;;;;;;;;
Hydrocenidae;;;;;;;;;;;;;;;;;;;
Caviidae;;;;;;;;;;;;;;;;;;;
Hydrochidae;;;;;;;;;;;;;;;;;;;
Phylactothecidae;;;;;;;;;;;;;;;;;;;
Hydrodromidae;;;;;;;;;;;;;;;;;;;
Hydrometridae;;;;;;;;;;;;;;;;;;;
Hydroscaphidae;;;;;;;;;;;;;;;;;;;
Hydrovolziidae;;;;;;;;;;;;;;;;;;;
Hydrozetidae;;;;;;;;;;;;;;;;;;;
Hydrozoanthidae;;;;;;;;;;;;;;;;;;;
Hygrobiidae;;;;;;;;;;;;;;;;;;;
Hylidae;;;;;;;;;;;;;;;;;;;
Myxillidae;;;;;;;;;;;;;;;;;;;
Solenoceridae;;;;;;;;;;;;;;;;;;;
Hymerhabdiidae;;;;;;;;;;;;;;;;;;;
Hyperiidae;;;;;;;;;;;;;;;;;;;
Lestrigonidae;;;;;;;;;;;;;;;;;;;
Hyperiopsidae;;;;;;;;;;;;;;;;;;;
Ziphiidae;;;;;;;;;;;;;;;;;;;
Canthyloscelidae;;;;;;;;;;;;;;;;;;;
Porcellanasteridae;;;;;;;;;;;;;;;;;;;
Osmeridae;;;;;;;;;;;;;;;;;;;
Hypophorellidae;;;;;;;;;;;;;;;;;;;
Austrachipteriidae;;;;;;;;;;;;;;;;;;;
Uloboridae;;;;;;;;;;;;;;;;;;;
Hyssuridae;;;;;;;;;;;;;;;;;;;
Ibaliidae;;;;;;;;;;;;;;;;;;;
Parathelphusidae;;;;;;;;;;;;;;;;;;;
Galumnellidae;;;;;;;;;;;;;;;;;;;
Quimperiidae;;;;;;;;;;;;;;;;;;;
Phosichthyidae;;;;;;;;;;;;;;;;;;;
Guyanemidae;;;;;;;;;;;;;;;;;;;
Ichthyotomidae;;;;;;;;;;;;;;;;;;;
Tiphiidae;;;;;;;;;;;;;;;;;;;
Idoteidae;;;;;;;;;;;;;;;;;;;
Liljeborgiidae;;;;;;;;;;;;;;;;;;;
Idyanthidae;;;;;;;;;;;;;;;;;;;
Ateleopodidae;;;;;;;;;;;;;;;;;;;
Ommastrephidae;;;;;;;;;;;;;;;;;;;
Naucoridae;;;;;;;;;;;;;;;;;;;
Ilyocryptidae;;;;;;;;;;;;;;;;;;;
Ilyocyprididae;;;;;;;;;;;;;;;;;;;
Randiellidae;;;;;;;;;;;;;;;;;;;
Immergentiidae;;;;;;;;;;;;;;;;;;;
Limnadiidae;;;;;;;;;;;;;;;;;;;
Stylochidae;;;;;;;;;;;;;;;;;;;
Indostomidae;;;;;;;;;;;;;;;;;;;
Typhlopidae;;;;;;;;;;;;;;;;;;;
Ingolfiellidae;;;;;;;;;;;;;;;;;;;
Superornatiremidae;;;;;;;;;;;;;;;;;;;
Intramolgidae;;;;;;;;;;;;;;;;;;;
Acanthaspidiidae;;;;;;;;;;;;;;;;;;;
Ionidae;;;;;;;;;;;;;;;;;;;
Protentomidae;;;;;;;;;;;;;;;;;;;
Hesperentomidae;;;;;;;;;;;;;;;;;;;
Iosactinidae;;;;;;;;;;;;;;;;;;;
Lepetidae;;;;;;;;;;;;;;;;;;;
Iotrochotidae;;;;;;;;;;;;;;;;;;;
Polyaspididae;;;;;;;;;;;;;;;;;;;
Iphigenellidae;;;;;;;;;;;;;;;;;;;
Iphiopsidae;;;;;;;;;;;;;;;;;;;
Irciniidae;;;;;;;;;;;;;;;;;;;
Eremiaphilidae;;;;;;;;;;;;;;;;;;;
Isaeidae;;;;;;;;;;;;;;;;;;;
Zoanthidae;;;;;;;;;;;;;;;;;;;
Ischyropsalidae;;;;;;;;;;;;;;;;;;;
Synagogidae;;;;;;;;;;;;;;;;;;;
Isididae;;;;;;;;;;;;;;;;;;;
Ismaridae;;;;;;;;;;;;;;;;;;;
Cletopsyllidae;;;;;;;;;;;;;;;;;;;
Isodictyidae;;;;;;;;;;;;;;;;;;;
Pteriidae;;;;;;;;;;;;;;;;;;;
Spongiphoridae;;;;;;;;;;;;;;;;;;;
Isolaimidae;;;;;;;;;;;;;;;;;;;
Isonychiidae;;;;;;;;;;;;;;;;;;;
Vesicomyidae;;;;;;;;;;;;;;;;;;;
Berothidae;;;;;;;;;;;;;;;;;;;
Stichopodidae;;;;;;;;;;;;;;;;;;;
Isotogastruridae;;;;;;;;;;;;;;;;;;;
Istiophoridae;;;;;;;;;;;;;;;;;;;
Iteaphila-group;;;;;;;;;;;;;;;;;;;
Ituridae;;;;;;;;;;;;;;;;;;;
Ixodorhynchidae;;;;;;;;;;;;;;;;;;;
Jaculinidae;;;;;;;;;;;;;;;;;;;
Oplophoridae;;;;;;;;;;;;;;;;;;;
Proctonotidae;;;;;;;;;;;;;;;;;;;
Gastrodontidae;;;;;;;;;;;;;;;;;;;
Amphitretidae;;;;;;;;;;;;;;;;;;;
Palinuridae;;;;;;;;;;;;;;;;;;;
Laomediidae;;;;;;;;;;;;;;;;;;;
Joeropsididae;;;;;;;;;;;;;;;;;;;
Rhabdochonidae;;;;;;;;;;;;;;;;;;;
Nemopteridae;;;;;;;;;;;;;;;;;;;
Kadosactinidae;;;;;;;;;;;;;;;;;;;
Diaphanocephalidae;;;;;;;;;;;;;;;;;;;
Tropiduchidae;;;;;;;;;;;;;;;;;;;
Karkinorhynchidae;;;;;;;;;;;;;;;;;;;
Malletiidae;;;;;;;;;;;;;;;;;;;
Katianiridae;;;;;;;;;;;;;;;;;;;
Limnesiidae;;;;;;;;;;;;;;;;;;;
Kelliellidae;;;;;;;;;;;;;;;;;;;
Sclerodistomidae;;;;;;;;;;;;;;;;;;;
Kergueleniidae;;;;;;;;;;;;;;;;;;;
Kinnaridae;;;;;;;;;;;;;;;;;;;
Kirchenpaueriidae;;;;;;;;;;;;;;;;;;;
Disciadidae;;;;;;;;;;;;;;;;;;;
Scleropactidae;;;;;;;;;;;;;;;;;;;
Strobilopsidae;;;;;;;;;;;;;;;;;;;
Kliellidae;;;;;;;;;;;;;;;;;;;
Douglasiidae;;;;;;;;;;;;;;;;;;;
Lithoglyptidae;;;;;;;;;;;;;;;;;;;
Kodiakellidae;;;;;;;;;;;;;;;;;;;
Thalassometridae;;;;;;;;;;;;;;;;;;;
Kogiidae;;;;;;;;;;;;;;;;;;;
Kophobelemnidae;;;;;;;;;;;;;;;;;;;
Korethrasteridae;;;;;;;;;;;;;;;;;;;
Tentaculariidae;;;;;;;;;;;;;;;;;;;
Limnocytheridae;;;;;;;;;;;;;;;;;;;
Kowalevskiidae;;;;;;;;;;;;;;;;;;;
Tiarannidae;;;;;;;;;;;;;;;;;;;
Krendowskiidae;;;;;;;;;;;;;;;;;;;
Krithidae;;;;;;;;;;;;;;;;;;;
Krohnittidae;;;;;;;;;;;;;;;;;;;
Krohnittellidae;;;;;;;;;;;;;;;;;;;
Myrmosidae;;;;;;;;;;;;;;;;;;;
Kroyeriidae;;;;;;;;;;;;;;;;;;;
Simrothiellidae;;;;;;;;;;;;;;;;;;;
Colidae;;;;;;;;;;;;;;;;;;;
Kudoidae;;;;;;;;;;;;;;;;;;;
Kuhliidae;;;;;;;;;;;;;;;;;;;
Kyphosidae;;;;;;;;;;;;;;;;;;;
Heliasteridae;;;;;;;;;;;;;;;;;;;
Mesognathariidae;;;;;;;;;;;;;;;;;;;
Labiduridae;;;;;;;;;;;;;;;;;;;
Lachesillidae;;;;;;;;;;;;;;;;;;;
Lacydoniidae;;;;;;;;;;;;;;;;;;;
Podoceridae;;;;;;;;;;;;;;;;;;;
Neopilinidae;;;;;;;;;;;;;;;;;;;
Lafystiidae;;;;;;;;;;;;;;;;;;;
Lampeidae;;;;;;;;;;;;;;;;;;;
Procatopodidae;;;;;;;;;;;;;;;;;;;
Lampridae;;;;;;;;;;;;;;;;;;;
Lernaeidae;;;;;;;;;;;;;;;;;;;
Lampyridae;;;;;;;;;;;;;;;;;;;
Vermileonidae;;;;;;;;;;;;;;;;;;;
Henicopidae;;;;;;;;;;;;;;;;;;;
Lanceolidae;;;;;;;;;;;;;;;;;;;
Laniidae;;;;;;;;;;;;;;;;;;;
Laodiceidae;;;;;;;;;;;;;;;;;;;
Philinidae;;;;;;;;;;;;;;;;;;;
Laphystiopsidae;;;;;;;;;;;;;;;;;;;
Robertdollfusidae;;;;;;;;;;;;;;;;;;;
Larcidae;;;;;;;;;;;;;;;;;;;
Vanikoridae;;;;;;;;;;;;;;;;;;;
Thaumatichthyidae;;;;;;;;;;;;;;;;;;;
Lateolabracidae;;;;;;;;;;;;;;;;;;;
Latidae;;;;;;;;;;;;;;;;;;;
Costellariidae;;;;;;;;;;;;;;;;;;;
Latreilliidae;;;;;;;;;;;;;;;;;;;
Metidae;;;;;;;;;;;;;;;;;;;
Laubierinidae;;;;;;;;;;;;;;;;;;;
Agamidae;;;;;;;;;;;;;;;;;;;
Lauridae;;;;;;;;;;;;;;;;;;;
Lauratonematidae;;;;;;;;;;;;;;;;;;;
Lebertiidae;;;;;;;;;;;;;;;;;;;
Lecanidae;;;;;;;;;;;;;;;;;;;
Lecanodiaspididae;;;;;;;;;;;;;;;;;;;
Nuculanidae;;;;;;;;;;;;;;;;;;;
Azoricidae;;;;;;;;;;;;;;;;;;;
Leiopathidae;;;;;;;;;;;;;;;;;;;
Orbiniidae;;;;;;;;;;;;;;;;;;;
Lemuridae;;;;;;;;;;;;;;;;;;;
Corbulidae;;;;;;;;;;;;;;;;;;;
Mellitidae;;;;;;;;;;;;;;;;;;;
Lepechinellidae;;;;;;;;;;;;;;;;;;;
Lepetodrilidae;;;;;;;;;;;;;;;;;;;
Lepidapedidae;;;;;;;;;;;;;;;;;;;
Lepidepecreellidae;;;;;;;;;;;;;;;;;;;
Lepidochitonidae;;;;;;;;;;;;;;;;;;;
Lepidodasyidae;;;;;;;;;;;;;;;;;;;
Oniscidae;;;;;;;;;;;;;;;;;;;
Leptochitonidae;;;;;;;;;;;;;;;;;;;
Scophthalmidae;;;;;;;;;;;;;;;;;;;
Lepidoteuthidae;;;;;;;;;;;;;;;;;;;
Tegoribatidae;;;;;;;;;;;;;;;;;;;
Triopsidae;;;;;;;;;;;;;;;;;;;
Listrophoridae;;;;;;;;;;;;;;;;;;;
Fatkullinidae;;;;;;;;;;;;;;;;;;;
Leptochariidae;;;;;;;;;;;;;;;;;;;
Leptochilichthyidae;;;;;;;;;;;;;;;;;;;
Leptodoridae;;;;;;;;;;;;;;;;;;;
Leptognathiidae;;;;;;;;;;;;;;;;;;;
Leptoplanidae;;;;;;;;;;;;;;;;;;;
Leptopontiidae;;;;;;;;;;;;;;;;;;;
Rhadinorhynchidae;;;;;;;;;;;;;;;;;;;
Leptosomatidae_incertae_sedis;;;;;;;;;;;;;;;;;;;
Diapheromeridae;;;;;;;;;;;;;;;;;;;
Heteronemiidae;;;;;;;;;;;;;;;;;;;
Leporidae;;;;;;;;;;;;;;;;;;;
Lernanthropidae;;;;;;;;;;;;;;;;;;;
Lethaxonidae;;;;;;;;;;;;;;;;;;;
Belostomatidae;;;;;;;;;;;;;;;;;;;
Leucettidae;;;;;;;;;;;;;;;;;;;
Parabrotulidae;;;;;;;;;;;;;;;;;;;
Phalacrocoracidae;;;;;;;;;;;;;;;;;;;
Cerebratulidae;;;;;;;;;;;;;;;;;;;
Leucochloridiomorphidae;;;;;;;;;;;;;;;;;;;
Leucochloridiidae;;;;;;;;;;;;;;;;;;;
Languriidae;;;;;;;;;;;;;;;;;;;
Baeriidae;;;;;;;;;;;;;;;;;;;
Lyonetiidae;;;;;;;;;;;;;;;;;;;
Leucospidae;;;;;;;;;;;;;;;;;;;
Pseudomelatomidae;;;;;;;;;;;;;;;;;;;
Leucotheidae;;;;;;;;;;;;;;;;;;;
Leucothoidae;;;;;;;;;;;;;;;;;;;
Leuctridae;;;;;;;;;;;;;;;;;;;
Levinellidae;;;;;;;;;;;;;;;;;;;
Licneremaeidae;;;;;;;;;;;;;;;;;;;
Licnodamaeidae;;;;;;;;;;;;;;;;;;;
Pheroliodidae;;;;;;;;;;;;;;;;;;;
Lysmatidae;;;;;;;;;;;;;;;;;;;
Limidae;;;;;;;;;;;;;;;;;;;
Limacinidae;;;;;;;;;;;;;;;;;;;
Beesoniidae;;;;;;;;;;;;;;;;;;;
Limnactiniidae;;;;;;;;;;;;;;;;;;;
Limnocharidae;;;;;;;;;;;;;;;;;;;
Teutoniidae;;;;;;;;;;;;;;;;;;;
Limnoriidae;;;;;;;;;;;;;;;;;;;
Limnozetidae;;;;;;;;;;;;;;;;;;;
Limopsidae;;;;;;;;;;;;;;;;;;;
Linderiellidae;;;;;;;;;;;;;;;;;;;
Lindiidae;;;;;;;;;;;;;;;;;;;
Linguatulidae;;;;;;;;;;;;;;;;;;;
Linognathidae;;;;;;;;;;;;;;;;;;;
Dipluridae;;;;;;;;;;;;;;;;;;;
Liodidae;;;;;;;;;;;;;;;;;;;
Lamprophiidae;;;;;;;;;;;;;;;;;;;
Phrurolithidae;;;;;;;;;;;;;;;;;;;
Lipkeidae;;;;;;;;;;;;;;;;;;;
Cryptoniscidae;;;;;;;;;;;;;;;;;;;
Eucyclidae;;;;;;;;;;;;;;;;;;;
Pontarachnidae;;;;;;;;;;;;;;;;;;;
Ranidae;;;;;;;;;;;;;;;;;;;
Lithodidae;;;;;;;;;;;;;;;;;;;
Litiopidae;;;;;;;;;;;;;;;;;;;
Rathkeidae;;;;;;;;;;;;;;;;;;;
Oxynoidae;;;;;;;;;;;;;;;;;;;
Prionoceridae;;;;;;;;;;;;;;;;;;;
Lobotidae;;;;;;;;;;;;;;;;;;;
Cytherettidae;;;;;;;;;;;;;;;;;;;
Loliginidae;;;;;;;;;;;;;;;;;;;
Lomanotidae;;;;;;;;;;;;;;;;;;;
Mariplanellidae;;;;;;;;;;;;;;;;;;;
Lonchopteridae;;;;;;;;;;;;;;;;;;;
Longidoridae;;;;;;;;;;;;;;;;;;;
Longipediidae;;;;;;;;;;;;;;;;;;;
Lopadorrhynchidae;;;;;;;;;;;;;;;;;;;
Lophiidae;;;;;;;;;;;;;;;;;;;
Mytilinidae;;;;;;;;;;;;;;;;;;;
Lophogastridae;;;;;;;;;;;;;;;;;;;
Lophopodidae;;;;;;;;;;;;;;;;;;;
Lophoproctidae;;;;;;;;;;;;;;;;;;;
Lophotidae;;;;;;;;;;;;;;;;;;;
Sphyriidae;;;;;;;;;;;;;;;;;;;
Microphysidae;;;;;;;;;;;;;;;;;;;
Sicariidae;;;;;;;;;;;;;;;;;;;
Loxosomatidae;;;;;;;;;;;;;;;;;;;
Lucicutiidae;;;;;;;;;;;;;;;;;;;
Luciferidae;;;;;;;;;;;;;;;;;;;
Luidiidae;;;;;;;;;;;;;;;;;;;
Luridae;;;;;;;;;;;;;;;;;;;
Lusitaniosomatidae;;;;;;;;;;;;;;;;;;;
Luvaridae;;;;;;;;;;;;;;;;;;;
Myrmecolacidae;;;;;;;;;;;;;;;;;;;
Urodela;;;;;;;;;;;;;;;;;;;
Lyctocoridae;;;;;;;;;;;;;;;;;;;
Lyctidae;;;;;;;;;;;;;;;;;;;
Sabellariidae;;;;;;;;;;;;;;;;;;;
Lynceidae;;;;;;;;;;;;;;;;;;;
Lyonsiidae;;;;;;;;;;;;;;;;;;;
Psychomyiidae;;;;;;;;;;;;;;;;;;;
Lysianassidae;;;;;;;;;;;;;;;;;;;
Lysiosquillidae;;;;;;;;;;;;;;;;;;;
Paralcyoniidae;;;;;;;;;;;;;;;;;;;
Zeilleriidae;;;;;;;;;;;;;;;;;;;
Macandrewiidae;;;;;;;;;;;;;;;;;;;
Chaetostephanidae;;;;;;;;;;;;;;;;;;;
Macellomeniidae;;;;;;;;;;;;;;;;;;;
Meinertellidae;;;;;;;;;;;;;;;;;;;
Mackenziellidae;;;;;;;;;;;;;;;;;;;
Oligacanthorhynchidae;;;;;;;;;;;;;;;;;;;
Trichotriidae;;;;;;;;;;;;;;;;;;;
Macrochironidae;;;;;;;;;;;;;;;;;;;
Macrocyprididae;;;;;;;;;;;;;;;;;;;
Macrodasyidae;;;;;;;;;;;;;;;;;;;
Macroderidae;;;;;;;;;;;;;;;;;;;
Chambersiellidae;;;;;;;;;;;;;;;;;;;
Macromiidae;;;;;;;;;;;;;;;;;;;
Macrophthalmidae;;;;;;;;;;;;;;;;;;;
Macropodidae;;;;;;;;;;;;;;;;;;;
Macrosternodesmidae;;;;;;;;;;;;;;;;;;;
Macrostylidae;;;;;;;;;;;;;;;;;;;
Tendosphaeridae;;;;;;;;;;;;;;;;;;;
Macrothelidae;;;;;;;;;;;;;;;;;;;
Octopodidae;;;;;;;;;;;;;;;;;;;
Polyxenidae;;;;;;;;;;;;;;;;;;;
Pocilloporidae;;;;;;;;;;;;;;;;;;;
Oculinidae;;;;;;;;;;;;;;;;;;;
Magelonidae;;;;;;;;;;;;;;;;;;;
Trhypochthoniidae;;;;;;;;;;;;;;;;;;;
Malacanthidae;;;;;;;;;;;;;;;;;;;
Malacobdellidae;;;;;;;;;;;;;;;;;;;
Malaconothridae;;;;;;;;;;;;;;;;;;;
Corioxenidae;;;;;;;;;;;;;;;;;;;
Derbidae;;;;;;;;;;;;;;;;;;;
Kiwinematidae;;;;;;;;;;;;;;;;;;;
Orchipedidae;;;;;;;;;;;;;;;;;;;
Typhlocoelidae;;;;;;;;;;;;;;;;;;;
Mantispidae;;;;;;;;;;;;;;;;;;;
Margarettidae;;;;;;;;;;;;;;;;;;;
Margaritidae;;;;;;;;;;;;;;;;;;;
Margaritiferidae;;;;;;;;;;;;;;;;;;;
Margelopsidae;;;;;;;;;;;;;;;;;;;
Marginellidae;;;;;;;;;;;;;;;;;;;
Ampullariidae;;;;;;;;;;;;;;;;;;;
Neobradyidae;;;;;;;;;;;;;;;;;;;
Nanhermanniidae;;;;;;;;;;;;;;;;;;;
Mastigoteuthidae;;;;;;;;;;;;;;;;;;;
Molidae;;;;;;;;;;;;;;;;;;;
Leeuwenhoekiidae;;;;;;;;;;;;;;;;;;;
Geoemydidae_;;;;;;;;;;;;;;;;;;;
Geoemydidae;;;;;;;;;;;;;;;;;;;
Nemertodermatidae;;;;;;;;;;;;;;;;;;;
Entalophoridae;;;;;;;;;;;;;;;;;;;
Gigantorhynchidae;;;;;;;;;;;;;;;;;;;
Dorippidae;;;;;;;;;;;;;;;;;;;
Meenoplidae;;;;;;;;;;;;;;;;;;;
Megalodontesidae;;;;;;;;;;;;;;;;;;;
Megalopidae;;;;;;;;;;;;;;;;;;;
Neelidae;;;;;;;;;;;;;;;;;;;
Megaluropidae;;;;;;;;;;;;;;;;;;;
Megamerinidae;;;;;;;;;;;;;;;;;;;
Nerillidae;;;;;;;;;;;;;;;;;;;
Megastigmidae;;;;;;;;;;;;;;;;;;;
Stygarctidae;;;;;;;;;;;;;;;;;;;
Pyrgomatidae;;;;;;;;;;;;;;;;;;;
Yoldiidae;;;;;;;;;;;;;;;;;;;
Kraussinidae;;;;;;;;;;;;;;;;;;;
Stephanidae;;;;;;;;;;;;;;;;;;;
Dinidoridae;;;;;;;;;;;;;;;;;;;
Melamphaidae;;;;;;;;;;;;;;;;;;;
Melanocetidae;;;;;;;;;;;;;;;;;;;
Melanonidae;;;;;;;;;;;;;;;;;;;
Tethydidae;;;;;;;;;;;;;;;;;;;
Melicertidae;;;;;;;;;;;;;;;;;;;
Melinnidae;;;;;;;;;;;;;;;;;;;
Saccopsidae;;;;;;;;;;;;;;;;;;;
Mellinidae;;;;;;;;;;;;;;;;;;;
Sphaeronematidae;;;;;;;;;;;;;;;;;;;
Meloidogynidae;;;;;;;;;;;;;;;;;;;
Melphidippidae;;;;;;;;;;;;;;;;;;;
Thynnidae;;;;;;;;;;;;;;;;;;;
Merlucciidae;;;;;;;;;;;;;;;;;;;
Typhlotanaidae;;;;;;;;;;;;;;;;;;;
Meropidae;;;;;;;;;;;;;;;;;;;
Merothripidae;;;;;;;;;;;;;;;;;;;
Mesaiokeratidae;;;;;;;;;;;;;;;;;;;
Psoroptoididae;;;;;;;;;;;;;;;;;;;
Turritellidae;;;;;;;;;;;;;;;;;;;
Axymyiidae;;;;;;;;;;;;;;;;;;;
Mesocestoididae;;;;;;;;;;;;;;;;;;;
Mesoglicolidae;;;;;;;;;;;;;;;;;;;
Mesoniscidae;;;;;;;;;;;;;;;;;;;
Pleustidae;;;;;;;;;;;;;;;;;;;
Hyperoodontidae;;;;;;;;;;;;;;;;;;;
Mesoplophoridae;;;;;;;;;;;;;;;;;;;
Teneriffiidae;;;;;;;;;;;;;;;;;;;
Mesothuriidae;;;;;;;;;;;;;;;;;;;
Mesotretidae;;;;;;;;;;;;;;;;;;;
Mesoveliidae;;;;;;;;;;;;;;;;;;;
Messoracaridae;;;;;;;;;;;;;;;;;;;
Tetragnathidae;;;;;;;;;;;;;;;;;;;
Metacrangonyctidae;;;;;;;;;;;;;;;;;;;
Psammocyclopinidae;;;;;;;;;;;;;;;;;;;
Metadilepididae;;;;;;;;;;;;;;;;;;;
Metagynuridae;;;;;;;;;;;;;;;;;;;
Metaingolfiellidae;;;;;;;;;;;;;;;;;;;
Polycopidae;;;;;;;;;;;;;;;;;;;
Metastrongylidae;;;;;;;;;;;;;;;;;;;
Typhlogammaridae;;;;;;;;;;;;;;;;;;;
Metretopodidae;;;;;;;;;;;;;;;;;;;
Metridiidae;;;;;;;;;;;;;;;;;;;
Metschnikowiidae;;;;;;;;;;;;;;;;;;;
Ptychatractidae;;;;;;;;;;;;;;;;;;;
Meyerellidae;;;;;;;;;;;;;;;;;;;
Micreremidae;;;;;;;;;;;;;;;;;;;
Micrococcidae;;;;;;;;;;;;;;;;;;;
Microcodidae;;;;;;;;;;;;;;;;;;;
Conocyemidae;;;;;;;;;;;;;;;;;;;
Microcytheridae;;;;;;;;;;;;;;;;;;;
Microdajidae;;;;;;;;;;;;;;;;;;;
Mysmenidae;;;;;;;;;;;;;;;;;;;
Parhedylidae;;;;;;;;;;;;;;;;;;;
Microhydrulidae;;;;;;;;;;;;;;;;;;;
Micromalthidae;;;;;;;;;;;;;;;;;;;
Micronectidae;;;;;;;;;;;;;;;;;;;
Micropontiidae;;;;;;;;;;;;;;;;;;;
Microprotopidae;;;;;;;;;;;;;;;;;;;
Micropsammidae;;;;;;;;;;;;;;;;;;;
Micropterigidae;;;;;;;;;;;;;;;;;;;
Kuriidae;;;;;;;;;;;;;;;;;;;
Acanthodrilidae;;;;;;;;;;;;;;;;;;;
Microgyniidae;;;;;;;;;;;;;;;;;;;
Microstomatidae;;;;;;;;;;;;;;;;;;;
Microstomidae;;;;;;;;;;;;;;;;;;;
Veliidae;;;;;;;;;;;;;;;;;;;
Volutomitridae;;;;;;;;;;;;;;;;;;;
Mideidae;;;;;;;;;;;;;;;;;;;
Mideopsidae;;;;;;;;;;;;;;;;;;;
Milacidae;;;;;;;;;;;;;;;;;;;
Milleporidae;;;;;;;;;;;;;;;;;;;
Millieriidae;;;;;;;;;;;;;;;;;;;
Milnesiidae;;;;;;;;;;;;;;;;;;;
Psenidae;;;;;;;;;;;;;;;;;;;
Mimonectidae;;;;;;;;;;;;;;;;;;;
Mirandotanaidae;;;;;;;;;;;;;;;;;;;
Alvinocarididae;;;;;;;;;;;;;;;;;;;
Mithracidae;;;;;;;;;;;;;;;;;;;
Mitsukurinidae;;;;;;;;;;;;;;;;;;;
Mixolineidae;;;;;;;;;;;;;;;;;;;
Zerconidae;;;;;;;;;;;;;;;;;;;
Orussidae;;;;;;;;;;;;;;;;;;;
Moerisiidae;;;;;;;;;;;;;;;;;;;
Moinidae;;;;;;;;;;;;;;;;;;;
Molannidae;;;;;;;;;;;;;;;;;;;
Molineidae;;;;;;;;;;;;;;;;;;;
Molossidae;;;;;;;;;;;;;;;;;;;
Momoniidae;;;;;;;;;;;;;;;;;;;
Momphidae;;;;;;;;;;;;;;;;;;;
Torrenticolidae;;;;;;;;;;;;;;;;;;;
Moniliformidae;;;;;;;;;;;;;;;;;;;
Pseudocerotidae;;;;;;;;;;;;;;;;;;;
Monobrachiidae;;;;;;;;;;;;;;;;;;;
Monobryozoidae;;;;;;;;;;;;;;;;;;;
Monodellidae;;;;;;;;;;;;;;;;;;;
Tandanicolidae;;;;;;;;;;;;;;;;;;;
Monognathidae;;;;;;;;;;;;;;;;;;;
Pontoporeiidae;;;;;;;;;;;;;;;;;;;
Monoporellidae;;;;;;;;;;;;;;;;;;;
Monoposthiidae;;;;;;;;;;;;;;;;;;;
Synbranchidae;;;;;;;;;;;;;;;;;;;
Sapygidae;;;;;;;;;;;;;;;;;;;
Monotoplanidae;;;;;;;;;;;;;;;;;;;
Passeridae;;;;;;;;;;;;;;;;;;;
Moringuidae;;;;;;;;;;;;;;;;;;;
Polleniidae;;;;;;;;;;;;;;;;;;;
Mormonillidae;;;;;;;;;;;;;;;;;;;
Sulidae;;;;;;;;;;;;;;;;;;;
Mullidae;;;;;;;;;;;;;;;;;;;
Multicalycidae;;;;;;;;;;;;;;;;;;;
Haplomunnidae;;;;;;;;;;;;;;;;;;;
Munididae;;;;;;;;;;;;;;;;;;;
Munidopsidae;;;;;;;;;;;;;;;;;;;
Munnidae;;;;;;;;;;;;;;;;;;;
Muraenolepididae;;;;;;;;;;;;;;;;;;;
Paramuriceidae;;;;;;;;;;;;;;;;;;;
Sphaeriidae;;;;;;;;;;;;;;;;;;;
Muselliferidae;;;;;;;;;;;;;;;;;;;
Mussidae;;;;;;;;;;;;;;;;;;;
Myidae;;;;;;;;;;;;;;;;;;;
Mycalidae;;;;;;;;;;;;;;;;;;;
Mycetaeidae;;;;;;;;;;;;;;;;;;;
Anisopodidae;;;;;;;;;;;;;;;;;;;
Mycteridae;;;;;;;;;;;;;;;;;;;
Cylindrocorporidae;;;;;;;;;;;;;;;;;;;
Myocastoridae;;;;;;;;;;;;;;;;;;;
Myolaimidae;;;;;;;;;;;;;;;;;;;
Myoxidae;;;;;;;;;;;;;;;;;;;
Myopsocidae;;;;;;;;;;;;;;;;;;;
Stenostomidae;;;;;;;;;;;;;;;;;;;
Myriaporidae;;;;;;;;;;;;;;;;;;;
Myrmecophilidae;;;;;;;;;;;;;;;;;;;
Toxopidae;;;;;;;;;;;;;;;;;;;
Pseudotanaidae;;;;;;;;;;;;;;;;;;;
Mytilicolidae;;;;;;;;;;;;;;;;;;;
Myxasteridae;;;;;;;;;;;;;;;;;;;
Myxidiidae;;;;;;;;;;;;;;;;;;;
Myxinidae;;;;;;;;;;;;;;;;;;;
Sinuolineidae;;;;;;;;;;;;;;;;;;;
Myzostomatidae;;;;;;;;;;;;;;;;;;;
Philoblennidae;;;;;;;;;;;;;;;;;;;
Nadinidae;;;;;;;;;;;;;;;;;;;
Trachelipodidae;;;;;;;;;;;;;;;;;;;
Nanaloricidae;;;;;;;;;;;;;;;;;;;
Nannorhynchididae;;;;;;;;;;;;;;;;;;;
Pachytroctidae;;;;;;;;;;;;;;;;;;;
Nausithoidae;;;;;;;;;;;;;;;;;;;
Nebaliidae;;;;;;;;;;;;;;;;;;;
Necopinatidae;;;;;;;;;;;;;;;;;;;
Sideractinidae;;;;;;;;;;;;;;;;;;;
Nectonematidae;;;;;;;;;;;;;;;;;;;
Nectonemertidae;;;;;;;;;;;;;;;;;;;
Nemasomatidae;;;;;;;;;;;;;;;;;;;
Nematocarcinidae;;;;;;;;;;;;;;;;;;;
Nematoplanidae;;;;;;;;;;;;;;;;;;;
Nematorhynchidae;;;;;;;;;;;;;;;;;;;
Nematotaeniidae;;;;;;;;;;;;;;;;;;;
Nemipteridae;;;;;;;;;;;;;;;;;;;
Nemonychidae;;;;;;;;;;;;;;;;;;;
Trematuridae;;;;;;;;;;;;;;;;;;;
Neoacaridae;;;;;;;;;;;;;;;;;;;
Odiniidae;;;;;;;;;;;;;;;;;;;
Neoarctidae;;;;;;;;;;;;;;;;;;;
Comatulidae;;;;;;;;;;;;;;;;;;;
Neocytherideididae;;;;;;;;;;;;;;;;;;;
Neodasyidae;;;;;;;;;;;;;;;;;;;
Sychnotylenchidae;;;;;;;;;;;;;;;;;;;
Neoephemeridae;;;;;;;;;;;;;;;;;;;
Neogosseidae;;;;;;;;;;;;;;;;;;;
Unciolidae;;;;;;;;;;;;;;;;;;;
Neolampadidae;;;;;;;;;;;;;;;;;;;
Neoleptonidae;;;;;;;;;;;;;;;;;;;
Neomeniidae;;;;;;;;;;;;;;;;;;;
Paurodontidae;;;;;;;;;;;;;;;;;;;
Stichasteridae;;;;;;;;;;;;;;;;;;;
Bairdiidae;;;;;;;;;;;;;;;;;;;
Parvicapsulidae;;;;;;;;;;;;;;;;;;;
Planoceridae;;;;;;;;;;;;;;;;;;;
Polystomatidae;;;;;;;;;;;;;;;;;;;
Pteronyssidae;;;;;;;;;;;;;;;;;;;
Gryphaeidae;;;;;;;;;;;;;;;;;;;
Cavisomatidae;;;;;;;;;;;;;;;;;;;
Parakalummidae;;;;;;;;;;;;;;;;;;;
Tharybidae;;;;;;;;;;;;;;;;;;;
Neoscopelidae;;;;;;;;;;;;;;;;;;;
Neotanaidae;;;;;;;;;;;;;;;;;;;
Neotrombidiidae;;;;;;;;;;;;;;;;;;;
Nepidae;;;;;;;;;;;;;;;;;;;
Amphientomidae;;;;;;;;;;;;;;;;;;;
Renicolidae;;;;;;;;;;;;;;;;;;;
Troglotrematidae;;;;;;;;;;;;;;;;;;;
Neritidae;;;;;;;;;;;;;;;;;;;
Unionicolidae;;;;;;;;;;;;;;;;;;;
Nevrorthidae;;;;;;;;;;;;;;;;;;;
Borboropsidae;;;;;;;;;;;;;;;;;;;
Niobiidae;;;;;;;;;;;;;;;;;;;
Niphocepheidae;;;;;;;;;;;;;;;;;;;
Cratenemertidae;;;;;;;;;;;;;;;;;;;
Anabathridae;;;;;;;;;;;;;;;;;;;
Cornirostridae;;;;;;;;;;;;;;;;;;;
Cristacoxidae;;;;;;;;;;;;;;;;;;;
Elonidae;;;;;;;;;;;;;;;;;;;
Normanellidae;;;;;;;;;;;;;;;;;;;
Opisidae;;;;;;;;;;;;;;;;;;;
Nosodendridae;;;;;;;;;;;;;;;;;;;
Notacanthidae;;;;;;;;;;;;;;;;;;;
Nothridae;;;;;;;;;;;;;;;;;;;
Sericostomatidae;;;;;;;;;;;;;;;;;;;
Notobranchaeidae;;;;;;;;;;;;;;;;;;;
Dakuidae;;;;;;;;;;;;;;;;;;;
Notoplanidae;;;;;;;;;;;;;;;;;;;
Raninidae;;;;;;;;;;;;;;;;;;;
Chitonophilidae;;;;;;;;;;;;;;;;;;;
Nudomideopsidae_;;;;;;;;;;;;;;;;;;;
Numididae;;;;;;;;;;;;;;;;;;;
Titanoecidae;;;;;;;;;;;;;;;;;;;
Xiphydriidae;;;;;;;;;;;;;;;;;;;
Pontogammaridae;;;;;;;;;;;;;;;;;;;
Ochotonidae;;;;;;;;;;;;;;;;;;;
Malawispongiidae;;;;;;;;;;;;;;;;;;;
Ypsolophidae;;;;;;;;;;;;;;;;;;;
Ochteridae;;;;;;;;;;;;;;;;;;;
Octineonidae;;;;;;;;;;;;;;;;;;;
Trichobranchidae;;;;;;;;;;;;;;;;;;;
Tiaropsidae;;;;;;;;;;;;;;;;;;;
Octolabeidae;;;;;;;;;;;;;;;;;;;
Octomacridae;;;;;;;;;;;;;;;;;;;
Malagazziidae;;;;;;;;;;;;;;;;;;;
Plectanocotylidae;;;;;;;;;;;;;;;;;;;
Ocyropsidae;;;;;;;;;;;;;;;;;;;
Ocythoidae;;;;;;;;;;;;;;;;;;;
Ochlesidae;;;;;;;;;;;;;;;;;;;
Odobenidae;;;;;;;;;;;;;;;;;;;
Atherinopsidae;;;;;;;;;;;;;;;;;;;
Odontoceridae;;;;;;;;;;;;;;;;;;;
Orculidae;;;;;;;;;;;;;;;;;;;
Odontolaimidae;;;;;;;;;;;;;;;;;;;
Odontopharyngidae;;;;;;;;;;;;;;;;;;;
Sironidae;;;;;;;;;;;;;;;;;;;
Stenopodidae;;;;;;;;;;;;;;;;;;;
Oecobiidae;;;;;;;;;;;;;;;;;;;
Oerstediidae;;;;;;;;;;;;;;;;;;;
Ogyrididae;;;;;;;;;;;;;;;;;;;
Oithonidae;;;;;;;;;;;;;;;;;;;
Phalacridae;;;;;;;;;;;;;;;;;;;
Solenofilomorphidae;;;;;;;;;;;;;;;;;;;
Oligoneuriidae;;;;;;;;;;;;;;;;;;;
Pachylaelapidae;;;;;;;;;;;;;;;;;;;
Omalisidae;;;;;;;;;;;;;;;;;;;
Epipyropidae;;;;;;;;;;;;;;;;;;;
Rhysodidae;;;;;;;;;;;;;;;;;;;
Trogidae;;;;;;;;;;;;;;;;;;;
Omphalometridae;;;;;;;;;;;;;;;;;;;
Siluridae;;;;;;;;;;;;;;;;;;;
Onceroxenidae;;;;;;;;;;;;;;;;;;;
Onchidiidae;;;;;;;;;;;;;;;;;;;
Phascolionidae;;;;;;;;;;;;;;;;;;;
Onchulidae;;;;;;;;;;;;;;;;;;;
Parapaguridae;;;;;;;;;;;;;;;;;;;
Oncopoduridae;;;;;;;;;;;;;;;;;;;
Oncousoeciidae;;;;;;;;;;;;;;;;;;;
Platycephalidae;;;;;;;;;;;;;;;;;;;
Onychocellidae;;;;;;;;;;;;;;;;;;;
Leucopsacidae;;;;;;;;;;;;;;;;;;;
Opetiidae;;;;;;;;;;;;;;;;;;;
Cyclopoida_incertae_sedis;;;;;;;;;;;;;;;;;;;
Ophiacanthidae;;;;;;;;;;;;;;;;;;;
Ophiactidae;;;;;;;;;;;;;;;;;;;
Ophiacanthida_incertae_sedis;;;;;;;;;;;;;;;;;;;
Ophiocamacidae;;;;;;;;;;;;;;;;;;;
Ophiocomidae;;;;;;;;;;;;;;;;;;;
Ophiomyxidae;;;;;;;;;;;;;;;;;;;
Ophiuridae;;;;;;;;;;;;;;;;;;;
Ophioscolecidae;;;;;;;;;;;;;;;;;;;
Ophiolepididae;;;;;;;;;;;;;;;;;;;
Astrophiuridae;;;;;;;;;;;;;;;;;;;
Ophiotomidae;;;;;;;;;;;;;;;;;;;
Ophiohelidae;;;;;;;;;;;;;;;;;;;
Ophionereididae;;;;;;;;;;;;;;;;;;;
Ophiobyrsidae;;;;;;;;;;;;;;;;;;;
Ophiopsilidae;;;;;;;;;;;;;;;;;;;
Ophiosphalmidae;;;;;;;;;;;;;;;;;;;
Ophiotrichidae;;;;;;;;;;;;;;;;;;;
Hemieuryalidae;;;;;;;;;;;;;;;;;;;
Opilioacaridae;;;;;;;;;;;;;;;;;;;
Cladorchiidae;;;;;;;;;;;;;;;;;;;
Opisthoteuthidae;;;;;;;;;;;;;;;;;;;
Opistognathidae;;;;;;;;;;;;;;;;;;;
Trachyuropodidae;;;;;;;;;;;;;;;;;;;
Opostegidae;;;;;;;;;;;;;;;;;;;
Orbitestellidae;;;;;;;;;;;;;;;;;;;
Oreellidae;;;;;;;;;;;;;;;;;;;
Parhypochthoniidae;;;;;;;;;;;;;;;;;;;
Oriolidae;;;;;;;;;;;;;;;;;;;
Oripodidae;;;;;;;;;;;;;;;;;;;
Ormyridae;;;;;;;;;;;;;;;;;;;
Ornithostrongylidae;;;;;;;;;;;;;;;;;;;
Orsodacnidae;;;;;;;;;;;;;;;;;;;
Ortholineidae;;;;;;;;;;;;;;;;;;;
Oryidae;;;;;;;;;;;;;;;;;;;
Adrianichthyidae;;;;;;;;;;;;;;;;;;;
Oscarellidae;;;;;;;;;;;;;;;;;;;
Osmylidae;;;;;;;;;;;;;;;;;;;
Pythidae;;;;;;;;;;;;;;;;;;;
Osteopeltidae;;;;;;;;;;;;;;;;;;;
Otinidae;;;;;;;;;;;;;;;;;;;
Otobothriidae;;;;;;;;;;;;;;;;;;;
Otohydridae;;;;;;;;;;;;;;;;;;;
Otomesostomidae;;;;;;;;;;;;;;;;;;;
Scolopendridae;;;;;;;;;;;;;;;;;;;
Ototyphlonemertidae;;;;;;;;;;;;;;;;;;;
Oxidae;;;;;;;;;;;;;;;;;;;
Synthemistidae;;;;;;;;;;;;;;;;;;;
Succineidae;;;;;;;;;;;;;;;;;;;
Balitoridae;;;;;;;;;;;;;;;;;;;
Oxynotidae;;;;;;;;;;;;;;;;;;;
Oxyopidae;;;;;;;;;;;;;;;;;;;
Baseodiscidae;;;;;;;;;;;;;;;;;;;
Thelaziidae;;;;;;;;;;;;;;;;;;;
Ozobranchidae;;;;;;;;;;;;;;;;;;;
Pakynidae;;;;;;;;;;;;;;;;;;;
Clavidae;;;;;;;;;;;;;;;;;;;
Pachylasmatidae;;;;;;;;;;;;;;;;;;;
Pachyneuridae;;;;;;;;;;;;;;;;;;;
Aplocheilidae;;;;;;;;;;;;;;;;;;;
Pachypsolidae;;;;;;;;;;;;;;;;;;;
Pachypodidae;;;;;;;;;;;;;;;;;;;
Palaeacaridae;;;;;;;;;;;;;;;;;;;
Mymarommatidae;;;;;;;;;;;;;;;;;;;
Palaeotropidae;;;;;;;;;;;;;;;;;;;
Palicidae;;;;;;;;;;;;;;;;;;;
Palingeniidae;;;;;;;;;;;;;;;;;;;
Pallaseidae;;;;;;;;;;;;;;;;;;;
Palpimanidae;;;;;;;;;;;;;;;;;;;
Palpophriidae;;;;;;;;;;;;;;;;;;;
Paludicellidae;;;;;;;;;;;;;;;;;;;
Sphenopidae;;;;;;;;;;;;;;;;;;;
Stromateidae;;;;;;;;;;;;;;;;;;;
Pandionidae;;;;;;;;;;;;;;;;;;;
Pandolaimidae;;;;;;;;;;;;;;;;;;;
Pandoridae;;;;;;;;;;;;;;;;;;;
Pangasiidae;;;;;;;;;;;;;;;;;;;
Panolicellidae;;;;;;;;;;;;;;;;;;;
Heterenchelyidae;;;;;;;;;;;;;;;;;;;
Panuridae;;;;;;;;;;;;;;;;;;;
Papillodermatidae;;;;;;;;;;;;;;;;;;;
Paraccacladiidae;;;;;;;;;;;;;;;;;;;
Neocentrophyidae;;;;;;;;;;;;;;;;;;;
Paracorynidae;;;;;;;;;;;;;;;;;;;
Paracoryphellidae;;;;;;;;;;;;;;;;;;;
Paracytherideidae;;;;;;;;;;;;;;;;;;;
Paradrepanophoridae;;;;;;;;;;;;;;;;;;;
Progeryonidae;;;;;;;;;;;;;;;;;;;
Hemigaleidae;;;;;;;;;;;;;;;;;;;
Agnathiellidae;;;;;;;;;;;;;;;;;;;
Pseudarchasteridae;;;;;;;;;;;;;;;;;;;
Paragorgiidae;;;;;;;;;;;;;;;;;;;
Triacanthodidae;;;;;;;;;;;;;;;;;;;
Parajapygidae;;;;;;;;;;;;;;;;;;;
Paralacydoniidae;;;;;;;;;;;;;;;;;;;
Punctidae;;;;;;;;;;;;;;;;;;;
Alicellidae;;;;;;;;;;;;;;;;;;;
Amphithyridae;;;;;;;;;;;;;;;;;;;
Parameiropsidae;;;;;;;;;;;;;;;;;;;
Siphlonuridae;;;;;;;;;;;;;;;;;;;
Paramphithoidae;;;;;;;;;;;;;;;;;;;
Paramunnidae;;;;;;;;;;;;;;;;;;;
Neesiidae;;;;;;;;;;;;;;;;;;;
Parantennulidae;;;;;;;;;;;;;;;;;;;
Paranthuridae;;;;;;;;;;;;;;;;;;;
Pinguipedidae;;;;;;;;;;;;;;;;;;;
Paraphelenchidae;;;;;;;;;;;;;;;;;;;
Paraphyllinidae;;;;;;;;;;;;;;;;;;;
Piesmatidae;;;;;;;;;;;;;;;;;;;
Parapontellidae;;;;;;;;;;;;;;;;;;;
Parapseudidae;;;;;;;;;;;;;;;;;;;
Parargissidae;;;;;;;;;;;;;;;;;;;
Smittinidae;;;;;;;;;;;;;;;;;;;
Spirobolidae;;;;;;;;;;;;;;;;;;;
Parasquillidae;;;;;;;;;;;;;;;;;;;
Parastenheliidae;;;;;;;;;;;;;;;;;;;
Parastenocarididae;;;;;;;;;;;;;;;;;;;
Stephidae;;;;;;;;;;;;;;;;;;;
Strongyloididae;;;;;;;;;;;;;;;;;;;
Paratanaidae;;;;;;;;;;;;;;;;;;;
Styraconyxidae;;;;;;;;;;;;;;;;;;;
Teclaiidae;;;;;;;;;;;;;;;;;;;
Tegastidae;;;;;;;;;;;;;;;;;;;
Tenuisentidae;;;;;;;;;;;;;;;;;;;
Paratomellidae;;;;;;;;;;;;;;;;;;;
Trichodoridae;;;;;;;;;;;;;;;;;;;
Potamotrygonidae;;;;;;;;;;;;;;;;;;;
Xenidae;;;;;;;;;;;;;;;;;;;
Parthenopeidae;;;;;;;;;;;;;;;;;;;
Parvidrilidae;;;;;;;;;;;;;;;;;;;
Parvocytheridae;;;;;;;;;;;;;;;;;;;
Cardinalidae;;;;;;;;;;;;;;;;;;;
Auridistomidae;;;;;;;;;;;;;;;;;;;
Castniidae;;;;;;;;;;;;;;;;;;;
Pectinatellidae;;;;;;;;;;;;;;;;;;;
Pedicellinidae;;;;;;;;;;;;;;;;;;;
Pedicinidae;;;;;;;;;;;;;;;;;;;
Pediculidae;;;;;;;;;;;;;;;;;;;
Solmarisidae;;;;;;;;;;;;;;;;;;;
Oceanitidae;;;;;;;;;;;;;;;;;;;
Terapontidae;;;;;;;;;;;;;;;;;;;
Pelecanidae;;;;;;;;;;;;;;;;;;;
Pelmatosphaeridae;;;;;;;;;;;;;;;;;;;
Pelobatidae;;;;;;;;;;;;;;;;;;;
Pelodytidae;;;;;;;;;;;;;;;;;;;
Tethinidae;;;;;;;;;;;;;;;;;;;
Peltidae;;;;;;;;;;;;;;;;;;;
Cyproideidae;;;;;;;;;;;;;;;;;;;
Pempheridae;;;;;;;;;;;;;;;;;;;
Penetrantiidae;;;;;;;;;;;;;;;;;;;
Pennariidae;;;;;;;;;;;;;;;;;;;
Bdellouridae;;;;;;;;;;;;;;;;;;;
Pentametrocrinidae;;;;;;;;;;;;;;;;;;;
Penthalodidae;;;;;;;;;;;;;;;;;;;
Peraclidae;;;;;;;;;;;;;;;;;;;
Odontobutidae;;;;;;;;;;;;;;;;;;;
Percnidae;;;;;;;;;;;;;;;;;;;
Phliantidae;;;;;;;;;;;;;;;;;;;
Zosimeidae;;;;;;;;;;;;;;;;;;;
Paleopneustidae;;;;;;;;;;;;;;;;;;;
Periphyllidae;;;;;;;;;;;;;;;;;;;
Peripsocidae;;;;;;;;;;;;;;;;;;;
Periscelididae;;;;;;;;;;;;;;;;;;;
Peristediidae;;;;;;;;;;;;;;;;;;;
Amorphoscelididae;;;;;;;;;;;;;;;;;;;
Amorphoscelidae;;;;;;;;;;;;;;;;;;;
Perlohmanniidae;;;;;;;;;;;;;;;;;;;
Pseudophasmatidae;;;;;;;;;;;;;;;;;;;
Petasidae;;;;;;;;;;;;;;;;;;;
Petrarcidae;;;;;;;;;;;;;;;;;;;
Phacellophoridae;;;;;;;;;;;;;;;;;;;
Phaethontidae;;;;;;;;;;;;;;;;;;;
Taeniacanthidae;;;;;;;;;;;;;;;;;;;
Iospilidae;;;;;;;;;;;;;;;;;;;
Thamnocephalidae;;;;;;;;;;;;;;;;;;;
Phallonemertidae;;;;;;;;;;;;;;;;;;;
Phaulodinychidae;;;;;;;;;;;;;;;;;;;
Phelliidae;;;;;;;;;;;;;;;;;;;
Pheronematidae;;;;;;;;;;;;;;;;;;;
Pherusellidae;;;;;;;;;;;;;;;;;;;
Phialellidae;;;;;;;;;;;;;;;;;;;
Philinoglossidae;;;;;;;;;;;;;;;;;;;
Philometridae;;;;;;;;;;;;;;;;;;;
Phloeostichidae;;;;;;;;;;;;;;;;;;;
Phloiophilidae;;;;;;;;;;;;;;;;;;;
Phoceanidae;;;;;;;;;;;;;;;;;;;
Phocoenidae;;;;;;;;;;;;;;;;;;;
Phoenicococcidae;;;;;;;;;;;;;;;;;;;
Phoenicopteridae;;;;;;;;;;;;;;;;;;;
Blaberidae;;;;;;;;;;;;;;;;;;;
Pholidae;;;;;;;;;;;;;;;;;;;
Pholoidae;;;;;;;;;;;;;;;;;;;
Phormosomatidae;;;;;;;;;;;;;;;;;;;
Phoronidae;;;;;;;;;;;;;;;;;;;
Phronimidae;;;;;;;;;;;;;;;;;;;
Phrosinidae;;;;;;;;;;;;;;;;;;;
Chelidae;;;;;;;;;;;;;;;;;;;
Phrynosomatidae;;;;;;;;;;;;;;;;;;;
Synxenidae;;;;;;;;;;;;;;;;;;;
Phyllidiidae;;;;;;;;;;;;;;;;;;;
Phyllognathopodidae;;;;;;;;;;;;;;;;;;;
Mastigiidae;;;;;;;;;;;;;;;;;;;
Phylloscopidae;;;;;;;;;;;;;;;;;;;
Phymanthidae;;;;;;;;;;;;;;;;;;;
Physaliidae;;;;;;;;;;;;;;;;;;;
Physeteridae;;;;;;;;;;;;;;;;;;;
Physetocarididae;;;;;;;;;;;;;;;;;;;
Physophoridae;;;;;;;;;;;;;;;;;;;
Phyxelididae;;;;;;;;;;;;;;;;;;;
Serrasalmidae;;;;;;;;;;;;;;;;;;;
Syringophilidae;;;;;;;;;;;;;;;;;;;
Piersigiidae;;;;;;;;;;;;;;;;;;;
Pilumnoididae;;;;;;;;;;;;;;;;;;;
Pilumnidae;;;;;;;;;;;;;;;;;;;
Pimoidae;;;;;;;;;;;;;;;;;;;
Pionodesmotidae;;;;;;;;;;;;;;;;;;;
Thraupidae;;;;;;;;;;;;;;;;;;;
Pirimelidae;;;;;;;;;;;;;;;;;;;
Piseinotecidae;;;;;;;;;;;;;;;;;;;
Porcellanidae;;;;;;;;;;;;;;;;;;;
Mopaliidae;;;;;;;;;;;;;;;;;;;
Placospongiidae;;;;;;;;;;;;;;;;;;;
Plateremaeidae;;;;;;;;;;;;;;;;;;;
Platidiidae;;;;;;;;;;;;;;;;;;;
Platyarthridae;;;;;;;;;;;;;;;;;;;
Platycnemididae;;;;;;;;;;;;;;;;;;;
Platycopiidae;;;;;;;;;;;;;;;;;;;
Platyhedylidae;;;;;;;;;;;;;;;;;;;
Trochanteriidae;;;;;;;;;;;;;;;;;;;
Platyscelidae;;;;;;;;;;;;;;;;;;;
Platysteiridae;;;;;;;;;;;;;;;;;;;
Platystomatidae;;;;;;;;;;;;;;;;;;;
Pleidae;;;;;;;;;;;;;;;;;;;
Minchinellidae;;;;;;;;;;;;;;;;;;;
Xyelidae;;;;;;;;;;;;;;;;;;;
Pleurobranchaeidae;;;;;;;;;;;;;;;;;;;
Pleurocopidae;;;;;;;;;;;;;;;;;;;
Pleurodiscidae;;;;;;;;;;;;;;;;;;;
Uranoscopidae;;;;;;;;;;;;;;;;;;;
Plexechinidae;;;;;;;;;;;;;;;;;;;
Ploceidae;;;;;;;;;;;;;;;;;;;
Synchaetidae;;;;;;;;;;;;;;;;;;;
Boreohydridae;;;;;;;;;;;;;;;;;;;
Tomoceridae;;;;;;;;;;;;;;;;;;;
Plutoniumidae;;;;;;;;;;;;;;;;;;;
Pneumodermatidae;;;;;;;;;;;;;;;;;;;
Podicipedidae;;;;;;;;;;;;;;;;;;;
Podicipitidae;;;;;;;;;;;;;;;;;;;
Podocinidae;;;;;;;;;;;;;;;;;;;
Podoprionidae;;;;;;;;;;;;;;;;;;;
Mochlozetidae;;;;;;;;;;;;;;;;;;;
Podosphaerasteridae;;;;;;;;;;;;;;;;;;;
Podospongiidae;;;;;;;;;;;;;;;;;;;
Podothrombiidae;;;;;;;;;;;;;;;;;;;
Poduridae;;;;;;;;;;;;;;;;;;;
Vulcanellidae;;;;;;;;;;;;;;;;;;;
Poecilochaetidae;;;;;;;;;;;;;;;;;;;
Sclerogibbidae;;;;;;;;;;;;;;;;;;;
Oleacinidae;;;;;;;;;;;;;;;;;;;
Polyartemiidae;;;;;;;;;;;;;;;;;;;
Polychelidae;;;;;;;;;;;;;;;;;;;
Polygordiidae;;;;;;;;;;;;;;;;;;;
Polymixiidae;;;;;;;;;;;;;;;;;;;
Polyphemidae;;;;;;;;;;;;;;;;;;;
Polypodiidae;;;;;;;;;;;;;;;;;;;
Polyprionidae;;;;;;;;;;;;;;;;;;;
Polypterozetidae;;;;;;;;;;;;;;;;;;;
Polypteridae;;;;;;;;;;;;;;;;;;;
Polysaccidae;;;;;;;;;;;;;;;;;;;
Sphaerosporidae;;;;;;;;;;;;;;;;;;;
Polystyliphoridae;;;;;;;;;;;;;;;;;;;
Polyzoniidae;;;;;;;;;;;;;;;;;;;
Pomatomidae;;;;;;;;;;;;;;;;;;;
Testudinellidae;;;;;;;;;;;;;;;;;;;
Pomphorhynchidae;;;;;;;;;;;;;;;;;;;
Cushmanideidae;;;;;;;;;;;;;;;;;;;
Pontodoridae;;;;;;;;;;;;;;;;;;;
Pontoeciellidae;;;;;;;;;;;;;;;;;;;
Rhinodrilidae;;;;;;;;;;;;;;;;;;;
Porcellidiidae;;;;;;;;;;;;;;;;;;;
Poritidae;;;;;;;;;;;;;;;;;;;
Neoliodidae;;;;;;;;;;;;;;;;;;;
Poromyidae;;;;;;;;;;;;;;;;;;;
Stolotermitidae;;;;;;;;;;;;;;;;;;;
Phrynocrinidae;;;;;;;;;;;;;;;;;;;
Porpitidae;;;;;;;;;;;;;;;;;;;
Carcinidae;;;;;;;;;;;;;;;;;;;
Potamanthidae;;;;;;;;;;;;;;;;;;;
Potamididae;;;;;;;;;;;;;;;;;;;
Suidae;;;;;;;;;;;;;;;;;;;
Potamodrilidae;;;;;;;;;;;;;;;;;;;
Potamidae;;;;;;;;;;;;;;;;;;;
Tateidae;;;;;;;;;;;;;;;;;;;
Pourtalesiidae;;;;;;;;;;;;;;;;;;;
Hamacanthidae;;;;;;;;;;;;;;;;;;;
Synaptiphilidae;;;;;;;;;;;;;;;;;;;
Tetrabothriidae;;;;;;;;;;;;;;;;;;;
Prionoglarididae;;;;;;;;;;;;;;;;;;;
Priscillinidae;;;;;;;;;;;;;;;;;;;
Prismatolaimidae;;;;;;;;;;;;;;;;;;;
Pristiglomidae;;;;;;;;;;;;;;;;;;;
Pristidae;;;;;;;;;;;;;;;;;;;
Proboscidactylidae;;;;;;;;;;;;;;;;;;;
Procampodeidae;;;;;;;;;;;;;;;;;;;
Processidae;;;;;;;;;;;;;;;;;;;
Melicharidae;;;;;;;;;;;;;;;;;;;
Procyonidae;;;;;;;;;;;;;;;;;;;
Dajidae;;;;;;;;;;;;;;;;;;;
Prodidomidae;;;;;;;;;;;;;;;;;;;
Proneomeniidae;;;;;;;;;;;;;;;;;;;
Faustulidae;;;;;;;;;;;;;;;;;;;
Propappidae;;;;;;;;;;;;;;;;;;;
Euchiridae;;;;;;;;;;;;;;;;;;;
Prosobothriidae;;;;;;;;;;;;;;;;;;;
Prosopistomatidae;;;;;;;;;;;;;;;;;;;
Prostomidae;;;;;;;;;;;;;;;;;;;
Proteidae;;;;;;;;;;;;;;;;;;;
Protocuspidariidae;;;;;;;;;;;;;;;;;;;
Protodinychidae;;;;;;;;;;;;;;;;;;;
Protodriloididae;;;;;;;;;;;;;;;;;;;
Protohydridae;;;;;;;;;;;;;;;;;;;
Protomicrocotylidae;;;;;;;;;;;;;;;;;;;
Protoptilidae;;;;;;;;;;;;;;;;;;;
Protosquillidae;;;;;;;;;;;;;;;;;;;
Prunellidae;;;;;;;;;;;;;;;;;;;
Parechinidae;;;;;;;;;;;;;;;;;;;
Psammocytheridae;;;;;;;;;;;;;;;;;;;
Psammodrilidae;;;;;;;;;;;;;;;;;;;
Psammorhynchidae;;;;;;;;;;;;;;;;;;;
Pseudanthessiidae;;;;;;;;;;;;;;;;;;;
Pseudocyclopiidae;;;;;;;;;;;;;;;;;;;
Pseudocycnidae;;;;;;;;;;;;;;;;;;;
Pseudodiplogastridae;;;;;;;;;;;;;;;;;;;
Pseudodistomidae;;;;;;;;;;;;;;;;;;;
Trigonalidae;;;;;;;;;;;;;;;;;;;
Pseudoniphargidae;;;;;;;;;;;;;;;;;;;
Pseudonymidae;;;;;;;;;;;;;;;;;;;
Pseudopomyzidae;;;;;;;;;;;;;;;;;;;
Pseudostichopodidae;;;;;;;;;;;;;;;;;;;
Pseudotriakidae;;;;;;;;;;;;;;;;;;;
Pseudovermidae;;;;;;;;;;;;;;;;;;;
Psilenchidae;;;;;;;;;;;;;;;;;;;
Limifossoridae;;;;;;;;;;;;;;;;;;;
Psolidae;;;;;;;;;;;;;;;;;;;
Psoquillidae;;;;;;;;;;;;;;;;;;;
Pterastericolidae;;;;;;;;;;;;;;;;;;;
Pterinopsyllidae;;;;;;;;;;;;;;;;;;;
Pterobothriidae;;;;;;;;;;;;;;;;;;;
Pterochthoniidae;;;;;;;;;;;;;;;;;;;
Pteroclididae;;;;;;;;;;;;;;;;;;;
Pteroclidae;;;;;;;;;;;;;;;;;;;
Pterognathiidae;;;;;;;;;;;;;;;;;;;
Pterosagittidae;;;;;;;;;;;;;;;;;;;
Pyroteuthidae;;;;;;;;;;;;;;;;;;;
Rictulariidae;;;;;;;;;;;;;;;;;;;
Loricariidae;;;;;;;;;;;;;;;;;;;
Pterygorhabditidae;;;;;;;;;;;;;;;;;;;
Pthiridae;;;;;;;;;;;;;;;;;;;
Ptilocolepidae;;;;;;;;;;;;;;;;;;;
Rhinonyssidae;;;;;;;;;;;;;;;;;;;
Ptiloxenidae;;;;;;;;;;;;;;;;;;;
Ptychodactinidae;;;;;;;;;;;;;;;;;;;
Ptychogastriidae;;;;;;;;;;;;;;;;;;;
Ptychopteridae;;;;;;;;;;;;;;;;;;;
Pulsellidae;;;;;;;;;;;;;;;;;;;
Harpacticoida_incertae_sedis;;;;;;;;;;;;;;;;;;;
Pycnogonidae;;;;;;;;;;;;;;;;;;;
Pycnonotidae;;;;;;;;;;;;;;;;;;;
Pycnophyidae;;;;;;;;;;;;;;;;;;;
Pyemotidae;;;;;;;;;;;;;;;;;;;
Pyragraphoridae;;;;;;;;;;;;;;;;;;;
Pyramidulidae;;;;;;;;;;;;;;;;;;;
Ulopidae;;;;;;;;;;;;;;;;;;;
Pyrgomorphidae;;;;;;;;;;;;;;;;;;;
Inachoididae;;;;;;;;;;;;;;;;;;;
Pyrosomatidae;;;;;;;;;;;;;;;;;;;
Pyrrhocoridae;;;;;;;;;;;;;;;;;;;
Retusidae;;;;;;;;;;;;;;;;;;;
Pythonidae;;;;;;;;;;;;;;;;;;;
Quadroppiidae;;;;;;;;;;;;;;;;;;;
Rachiceridae;;;;;;;;;;;;;;;;;;;
Rachycentridae;;;;;;;;;;;;;;;;;;;
Radiasteridae;;;;;;;;;;;;;;;;;;;
Radiicephalidae;;;;;;;;;;;;;;;;;;;
Raillietiidae;;;;;;;;;;;;;;;;;;;
Ramphastidae;;;;;;;;;;;;;;;;;;;
Ranellidae;;;;;;;;;;;;;;;;;;;
Rastrognathiidae;;;;;;;;;;;;;;;;;;;
Rataniidae;;;;;;;;;;;;;;;;;;;
Regalecidae;;;;;;;;;;;;;;;;;;;
Regulidae;;;;;;;;;;;;;;;;;;;
Reighardiidae;;;;;;;;;;;;;;;;;;;
Remizidae;;;;;;;;;;;;;;;;;;;
Retronectidae;;;;;;;;;;;;;;;;;;;
Rhabderemiidae;;;;;;;;;;;;;;;;;;;
Rhabditonematidae;;;;;;;;;;;;;;;;;;;
Rhabdodemaniidae;;;;;;;;;;;;;;;;;;;
Aulocalycidae;;;;;;;;;;;;;;;;;;;
Rhabdolaimidae;;;;;;;;;;;;;;;;;;;
Rhabdopleuridae;;;;;;;;;;;;;;;;;;;
Serpulidicolidae;;;;;;;;;;;;;;;;;;;
Umbonulidae;;;;;;;;;;;;;;;;;;;
Rhincodontidae;;;;;;;;;;;;;;;;;;;
Rhinebothriidae;;;;;;;;;;;;;;;;;;;
Rhinecotylidae;;;;;;;;;;;;;;;;;;;
Rhinobatidae;;;;;;;;;;;;;;;;;;;
Rhinocerotidae;;;;;;;;;;;;;;;;;;;
Rhinolophidae;;;;;;;;;;;;;;;;;;;
Siphonotidae;;;;;;;;;;;;;;;;;;;
Bourgueticrinidae;;;;;;;;;;;;;;;;;;;
Rhizophysidae;;;;;;;;;;;;;;;;;;;
Rhizostomatidae;;;;;;;;;;;;;;;;;;;
Rhizotrichidae;;;;;;;;;;;;;;;;;;;
Rhodopidae;;;;;;;;;;;;;;;;;;;
Rhopaloiulidae;;;;;;;;;;;;;;;;;;;
Rhyacophilidae;;;;;;;;;;;;;;;;;;;
Rhynchothoracidae;;;;;;;;;;;;;;;;;;;
Rhytidodidae;;;;;;;;;;;;;;;;;;;
Ricaniidae;;;;;;;;;;;;;;;;;;;
Richtersiidae;;;;;;;;;;;;;;;;;;;
Ricinidae;;;;;;;;;;;;;;;;;;;
Ricordeidae;;;;;;;;;;;;;;;;;;;
Ringiculidae;;;;;;;;;;;;;;;;;;;
Muspiceidae;;;;;;;;;;;;;;;;;;;
Rissoellidae;;;;;;;;;;;;;;;;;;;
Rissoinidae;;;;;;;;;;;;;;;;;;;
Ritterellidae;;;;;;;;;;;;;;;;;;;
Gyliauchenidae;;;;;;;;;;;;;;;;;;;
Gastrochaenidae;;;;;;;;;;;;;;;;;;;
Roeslerstammiidae;;;;;;;;;;;;;;;;;;;
Rondeletiidae;;;;;;;;;;;;;;;;;;;
Fauriellidae;;;;;;;;;;;;;;;;;;;
Rosalindidae;;;;;;;;;;;;;;;;;;;
Antroporidae;;;;;;;;;;;;;;;;;;;
Rotundiclipeidae;;;;;;;;;;;;;;;;;;;
Rotylenchulidae;;;;;;;;;;;;;;;;;;;
Pteropodidae;;;;;;;;;;;;;;;;;;;
Alacuppidae;;;;;;;;;;;;;;;;;;;
Pendromidae;;;;;;;;;;;;;;;;;;;
Subulinidae;;;;;;;;;;;;;;;;;;;
Runcinidae;;;;;;;;;;;;;;;;;;;
Rutidermatidae;;;;;;;;;;;;;;;;;;;
Rutripalpidae;;;;;;;;;;;;;;;;;;;
Sabaconidae;;;;;;;;;;;;;;;;;;;
Saccocirridae;;;;;;;;;;;;;;;;;;;
Harrimaniidae;;;;;;;;;;;;;;;;;;;
Saccopharyngidae;;;;;;;;;;;;;;;;;;;
Cebidae;;;;;;;;;;;;;;;;;;;
Saleniidae;;;;;;;;;;;;;;;;;;;
Salentinellidae;;;;;;;;;;;;;;;;;;;
Samaridae;;;;;;;;;;;;;;;;;;;
Sanguinicolidae;;;;;;;;;;;;;;;;;;;
Veronicellidae;;;;;;;;;;;;;;;;;;;
Charinidae;;;;;;;;;;;;;;;;;;;
Sceptrulophora_incertae_sedis;;;;;;;;;;;;;;;;;;;
Sarsiellidae;;;;;;;;;;;;;;;;;;;
Adenopleurellidae;;;;;;;;;;;;;;;;;;;
Synodontidae;;;;;;;;;;;;;;;;;;;
Savignyellidae;;;;;;;;;;;;;;;;;;;
Basterotiidae;;;;;;;;;;;;;;;;;;;
Scaridiidae;;;;;;;;;;;;;;;;;;;
Ligulidae;;;;;;;;;;;;;;;;;;;
Schizoporellidae;;;;;;;;;;;;;;;;;;;
Schizocyathidae;;;;;;;;;;;;;;;;;;;
Hubbardiidae;;;;;;;;;;;;;;;;;;;
Schizotrichidae;;;;;;;;;;;;;;;;;;;
Schreckensteiniidae;;;;;;;;;;;;;;;;;;;
Sciaroidea_incertae_sedis;;;;;;;;;;;;;;;;;;;
Scissurellidae;;;;;;;;;;;;;;;;;;;
Scleraulophoridae;;;;;;;;;;;;;;;;;;;
Scomberesocidae;;;;;;;;;;;;;;;;;;;
Scombrolabracidae;;;;;;;;;;;;;;;;;;;
Scopalinidae;;;;;;;;;;;;;;;;;;;
Stenotrachelidae;;;;;;;;;;;;;;;;;;;
Scottomyzontidae;;;;;;;;;;;;;;;;;;;
Scrupariidae;;;;;;;;;;;;;;;;;;;
Scutigeridae;;;;;;;;;;;;;;;;;;;
Scyllaeidae;;;;;;;;;;;;;;;;;;;
Scyllaridae;;;;;;;;;;;;;;;;;;;
Scythropiidae;;;;;;;;;;;;;;;;;;;
Scytodidae;;;;;;;;;;;;;;;;;;;
Sebidae;;;;;;;;;;;;;;;;;;;
Sebastidae;;;;;;;;;;;;;;;;;;;
Bythograeidae;;;;;;;;;;;;;;;;;;;
Condylanthidae;;;;;;;;;;;;;;;;;;;
Seiodidae;;;;;;;;;;;;;;;;;;;
Seisonidae;;;;;;;;;;;;;;;;;;;
Trigonochlamydidae;;;;;;;;;;;;;;;;;;;
Selenopidae;;;;;;;;;;;;;;;;;;;
Selenoribatidae;;;;;;;;;;;;;;;;;;;
Semnoderidae;;;;;;;;;;;;;;;;;;;
Sepiidae;;;;;;;;;;;;;;;;;;;
Serrivomeridae;;;;;;;;;;;;;;;;;;;
Sertularellidae;;;;;;;;;;;;;;;;;;;
Setariidae;;;;;;;;;;;;;;;;;;;
Setosellidae;;;;;;;;;;;;;;;;;;;
Heliodomidae;;;;;;;;;;;;;;;;;;;
Seuratidae;;;;;;;;;;;;;;;;;;;
Shinisauridae;;;;;;;;;;;;;;;;;;;
Sialidae;;;;;;;;;;;;;;;;;;;
Sicyoniidae;;;;;;;;;;;;;;;;;;;
Sicyonidae;;;;;;;;;;;;;;;;;;;
Siderastreidae;;;;;;;;;;;;;;;;;;;
Siganidae;;;;;;;;;;;;;;;;;;;
Sillaginidae;;;;;;;;;;;;;;;;;;;
Paradoxornithidae;;;;;;;;;;;;;;;;;;;
Siphonariidae;;;;;;;;;;;;;;;;;;;
Siphonidiidae;;;;;;;;;;;;;;;;;;;
Siphonosomatidae;;;;;;;;;;;;;;;;;;;
Sipunculidae;;;;;;;;;;;;;;;;;;;
Siricidae;;;;;;;;;;;;;;;;;;;
Sisyridae;;;;;;;;;;;;;;;;;;;
Sittidae;;;;;;;;;;;;;;;;;;;
Skeneopsidae;;;;;;;;;;;;;;;;;;;
Skrjabingylidae;;;;;;;;;;;;;;;;;;;
Nanophyetidae;;;;;;;;;;;;;;;;;;;
Soboliphymatidae;;;;;;;;;;;;;;;;;;;
Solanderiidae;;;;;;;;;;;;;;;;;;;
Solariellidae;;;;;;;;;;;;;;;;;;;
Solemyidae;;;;;;;;;;;;;;;;;;;
Solenidae;;;;;;;;;;;;;;;;;;;
Solmundaeginidae;;;;;;;;;;;;;;;;;;;
Xylomyidae;;;;;;;;;;;;;;;;;;;
Somabrachyidae;;;;;;;;;;;;;;;;;;;
Sophrosynidae;;;;;;;;;;;;;;;;;;;
Spadellidae;;;;;;;;;;;;;;;;;;;
Sparganophilidae;;;;;;;;;;;;;;;;;;;
Spatangidae;;;;;;;;;;;;;;;;;;;
Spathiporidae;;;;;;;;;;;;;;;;;;;
Lepidomysidae;;;;;;;;;;;;;;;;;;;
Spelaeoniscidae;;;;;;;;;;;;;;;;;;;
Plethodontidae;;;;;;;;;;;;;;;;;;;
Spercheidae;;;;;;;;;;;;;;;;;;;
Sperchontidae;;;;;;;;;;;;;;;;;;;
Toxopneustidae;;;;;;;;;;;;;;;;;;;
Sphaeritidae;;;;;;;;;;;;;;;;;;;
Sphaeriusidae;;;;;;;;;;;;;;;;;;;
Sphaerochthoniidae;;;;;;;;;;;;;;;;;;;
Apionacaridae;;;;;;;;;;;;;;;;;;;
Sphaerolichidae;;;;;;;;;;;;;;;;;;;
Entocytheridae;;;;;;;;;;;;;;;;;;;
Sphaeromyxidae;;;;;;;;;;;;;;;;;;;
Sphaeronectidae;;;;;;;;;;;;;;;;;;;
Alexiidae;;;;;;;;;;;;;;;;;;;
Menippidae;;;;;;;;;;;;;;;;;;;
Sphincterochilidae;;;;;;;;;;;;;;;;;;;
Diopsidae;;;;;;;;;;;;;;;;;;;
Sphyraenidae;;;;;;;;;;;;;;;;;;;
Sphyrnidae;;;;;;;;;;;;;;;;;;;
Spinozetidae;;;;;;;;;;;;;;;;;;;
Spintheridae;;;;;;;;;;;;;;;;;;;
Spiophanicolidae;;;;;;;;;;;;;;;;;;;
Umbraculidae;;;;;;;;;;;;;;;;;;;
Spirorbidae;;;;;;;;;;;;;;;;;;;
Spirulidae;;;;;;;;;;;;;;;;;;;
Splanchnotrophidae;;;;;;;;;;;;;;;;;;;
Spondylidae;;;;;;;;;;;;;;;;;;;
Spongicolidae;;;;;;;;;;;;;;;;;;;
Dictyodendrillidae;;;;;;;;;;;;;;;;;;;
Sportellidae;;;;;;;;;;;;;;;;;;;
Squalidae;;;;;;;;;;;;;;;;;;;
Squatinidae;;;;;;;;;;;;;;;;;;;
Antheacheridae;;;;;;;;;;;;;;;;;;;
Steinernematidae;;;;;;;;;;;;;;;;;;;
Stenetriidae;;;;;;;;;;;;;;;;;;;
Stenocyathidae;;;;;;;;;;;;;;;;;;;
Stenoniscidae;;;;;;;;;;;;;;;;;;;
Astrocoeniidae;;;;;;;;;;;;;;;;;;;
Mariametridae;;;;;;;;;;;;;;;;;;;
Stercorariidae;;;;;;;;;;;;;;;;;;;
Sternaspidae;;;;;;;;;;;;;;;;;;;
Stichocotylidae;;;;;;;;;;;;;;;;;;;
Stomachetosellidae;;;;;;;;;;;;;;;;;;;
Platylepadidae;;;;;;;;;;;;;;;;;;;
Stomatoporidae;;;;;;;;;;;;;;;;;;;
Stomopneustidae;;;;;;;;;;;;;;;;;;;
Stomylotrematidae;;;;;;;;;;;;;;;;;;;
Streptocephalidae;;;;;;;;;;;;;;;;;;;
Linotaeniidae;;;;;;;;;;;;;;;;;;;
Strongylacanthidae;;;;;;;;;;;;;;;;;;;
Strongylocentrotidae;;;;;;;;;;;;;;;;;;;
Strongylophthalmyiidae;;;;;;;;;;;;;;;;;;;
Stygiomysidae;;;;;;;;;;;;;;;;;;;
Stygothrombiidae;;;;;;;;;;;;;;;;;;;
Virgulariidae;;;;;;;;;;;;;;;;;;;
Stylephoridae;;;;;;;;;;;;;;;;;;;
Stylocordylidae;;;;;;;;;;;;;;;;;;;
Stylodactylidae;;;;;;;;;;;;;;;;;;;
Subeucalanidae;;;;;;;;;;;;;;;;;;;
Succineoidae;;;;;;;;;;;;;;;;;;;
Syconidae;;;;;;;;;;;;;;;;;;;
Sycettidae;;;;;;;;;;;;;;;;;;;
Symbiidae;;;;;;;;;;;;;;;;;;;
Anamorphidae;;;;;;;;;;;;;;;;;;;
Hylobatidae;;;;;;;;;;;;;;;;;;;
Symphysanodontidae;;;;;;;;;;;;;;;;;;;
Symplectoscyphidae;;;;;;;;;;;;;;;;;;;
Sagittiferidae;;;;;;;;;;;;;;;;;;;
Acropomatidae;;;;;;;;;;;;;;;;;;;
Metapseudidae;;;;;;;;;;;;;;;;;;;
Aponchiidae;;;;;;;;;;;;;;;;;;;
Syntheciidae;;;;;;;;;;;;;;;;;;;
Syrphonematidae;;;;;;;;;;;;;;;;;;;
Bagridae;;;;;;;;;;;;;;;;;;;
Hersiliidae;;;;;;;;;;;;;;;;;;;
Tamoyidae;;;;;;;;;;;;;;;;;;;
Tanaopsidae;;;;;;;;;;;;;;;;;;;
Octopoteuthidae;;;;;;;;;;;;;;;;;;;
Tanypezidae;;;;;;;;;;;;;;;;;;;
Tapiridae;;;;;;;;;;;;;;;;;;;
Trypetesidae;;;;;;;;;;;;;;;;;;;
Phyllodactylidae;;;;;;;;;;;;;;;;;;;
Tarvaiidae;;;;;;;;;;;;;;;;;;;
Taurididae;;;;;;;;;;;;;;;;;;;
Anthosactinidae;;;;;;;;;;;;;;;;;;;
Tectocepheidae;;;;;;;;;;;;;;;;;;;
Acmaeidae;;;;;;;;;;;;;;;;;;;
Tedaniidae;;;;;;;;;;;;;;;;;;;
Telemidae;;;;;;;;;;;;;;;;;;;
Temnocephalidae;;;;;;;;;;;;;;;;;;;
Bathypontiidae;;;;;;;;;;;;;;;;;;;
Fosshageniidae;;;;;;;;;;;;;;;;;;;
Siliquariidae;;;;;;;;;;;;;;;;;;;
Lamellareidae;;;;;;;;;;;;;;;;;;;
Teratocephalidae;;;;;;;;;;;;;;;;;;;
Cancellothyrididae;;;;;;;;;;;;;;;;;;;
Tergipedidae;;;;;;;;;;;;;;;;;;;
Terviidae;;;;;;;;;;;;;;;;;;;
Tessaradomidae;;;;;;;;;;;;;;;;;;;
Tetraclitidae;;;;;;;;;;;;;;;;;;;
Testacellidae;;;;;;;;;;;;;;;;;;;
Tetragonuridae;;;;;;;;;;;;;;;;;;;
Poseidonemertidae;;;;;;;;;;;;;;;;;;;
Tetraonchoididae;;;;;;;;;;;;;;;;;;;
Tetraplatiidae;;;;;;;;;;;;;;;;;;;
Tetrasiphonidae;;;;;;;;;;;;;;;;;;;
Torpedinidae;;;;;;;;;;;;;;;;;;;
Tettigometridae;;;;;;;;;;;;;;;;;;;
Teuchoporidae;;;;;;;;;;;;;;;;;;;
Thaerocytheridae;;;;;;;;;;;;;;;;;;;
Thambematidae;;;;;;;;;;;;;;;;;;;
Thanerocleridae;;;;;;;;;;;;;;;;;;;
Thaumastocoridae;;;;;;;;;;;;;;;;;;;
Thaumatopsyllidae;;;;;;;;;;;;;;;;;;;
Ptilocodiidae;;;;;;;;;;;;;;;;;;;
Theneidae;;;;;;;;;;;;;;;;;;;
Ochyroceratidae;;;;;;;;;;;;;;;;;;;
Theridiosomatidae;;;;;;;;;;;;;;;;;;;
Thiidae;;;;;;;;;;;;;;;;;;;
Thinozerconidae;;;;;;;;;;;;;;;;;;;
Thompsonulidae;;;;;;;;;;;;;;;;;;;
Thraciidae;;;;;;;;;;;;;;;;;;;
Thremmatidae;;;;;;;;;;;;;;;;;;;
Uenoidae;;;;;;;;;;;;;;;;;;;
Thryonomyidae;;;;;;;;;;;;;;;;;;;
Thymalidae;;;;;;;;;;;;;;;;;;;
Thyreocoridae;;;;;;;;;;;;;;;;;;;
Thyrididae;;;;;;;;;;;;;;;;;;;
Thyroscyphidae;;;;;;;;;;;;;;;;;;;
Thysanocercidae;;;;;;;;;;;;;;;;;;;
Thysanoteuthidae;;;;;;;;;;;;;;;;;;;
Tichodromadidae;;;;;;;;;;;;;;;;;;;
Timeidae;;;;;;;;;;;;;;;;;;;
Acanthostomidae;;;;;;;;;;;;;;;;;;;
Tindariidae;;;;;;;;;;;;;;;;;;;
Idiopidae;;;;;;;;;;;;;;;;;;;
Tjaernoeiidae;;;;;;;;;;;;;;;;;;;
Janiroidea_incertae_sedis;;;;;;;;;;;;;;;;;;;
Tornidae;;;;;;;;;;;;;;;;;;;
Toxocaridae;;;;;;;;;;;;;;;;;;;
Trachypachidae;;;;;;;;;;;;;;;;;;;
Trachytidae;;;;;;;;;;;;;;;;;;;
Typhloscolecidae;;;;;;;;;;;;;;;;;;;
Trebiidae;;;;;;;;;;;;;;;;;;;
Ursidae;;;;;;;;;;;;;;;;;;;
Tremoctopodidae;;;;;;;;;;;;;;;;;;;
Triangulidae;;;;;;;;;;;;;;;;;;;
Trichinellidae;;;;;;;;;;;;;;;;;;;
Trichoblaniulidae;;;;;;;;;;;;;;;;;;;
Mycetobiidae;;;;;;;;;;;;;;;;;;;
Trichonemasomatidae;;;;;;;;;;;;;;;;;;;
Trichoplacidae;;;;;;;;;;;;;;;;;;;
Osphronemidae;;;;;;;;;;;;;;;;;;;
Trichopsocidae;;;;;;;;;;;;;;;;;;;
Trichosomoididae;;;;;;;;;;;;;;;;;;;
Trichuridae;;;;;;;;;;;;;;;;;;;
Trichydridae;;;;;;;;;;;;;;;;;;;
Phasianellidae;;;;;;;;;;;;;;;;;;;
Callioplanidae;;;;;;;;;;;;;;;;;;;
Trilosporidae;;;;;;;;;;;;;;;;;;;
Trimenoponidae;;;;;;;;;;;;;;;;;;;
Pseudocaeciliidae;;;;;;;;;;;;;;;;;;;
Trimusculidae;;;;;;;;;;;;;;;;;;;
Triodontolaimidae;;;;;;;;;;;;;;;;;;;
Tripylidae;;;;;;;;;;;;;;;;;;;
Trischizostomatidae;;;;;;;;;;;;;;;;;;;
Triticellidae;;;;;;;;;;;;;;;;;;;
Triviidae;;;;;;;;;;;;;;;;;;;
Trixoscelididae;;;;;;;;;;;;;;;;;;;
Trochaclididae;;;;;;;;;;;;;;;;;;;
Trochochaetidae;;;;;;;;;;;;;;;;;;;
Bochicidae;;;;;;;;;;;;;;;;;;;
Troglodytidae;;;;;;;;;;;;;;;;;;;
Paronellidae;;;;;;;;;;;;;;;;;;;
Tylenchulidae;;;;;;;;;;;;;;;;;;;
Tropiometridae;;;;;;;;;;;;;;;;;;;
Truncatellidae;;;;;;;;;;;;;;;;;;;
Truncatellinidae;;;;;;;;;;;;;;;;;;;
Trypostegidae;;;;;;;;;;;;;;;;;;;
Tubiluchidae;;;;;;;;;;;;;;;;;;;
Tupaiidae;;;;;;;;;;;;;;;;;;;
Turnicidae;;;;;;;;;;;;;;;;;;;
Tylodinidae;;;;;;;;;;;;;;;;;;;
Tylopharyngidae;;;;;;;;;;;;;;;;;;;
Typhlocarididae;;;;;;;;;;;;;;;;;;;
Acaridae;;;;;;;;;;;;;;;;;;;
Tyrrheniellidae;;;;;;;;;;;;;;;;;;;
Tytonidae;;;;;;;;;;;;;;;;;;;
Udonellidae;;;;;;;;;;;;;;;;;;;
Umbellulidae;;;;;;;;;;;;;;;;;;;
Umbridae;;;;;;;;;;;;;;;;;;;
Halonoproctidae;;;;;;;;;;;;;;;;;;;
Unduloribatidae;;;;;;;;;;;;;;;;;;;
Uniporidae;;;;;;;;;;;;;;;;;;;
Upupidae;;;;;;;;;;;;;;;;;;;
Urastomidae;;;;;;;;;;;;;;;;;;;
Urechinidae;;;;;;;;;;;;;;;;;;;
Phycidae;;;;;;;;;;;;;;;;;;;
Chirostylidae;;;;;;;;;;;;;;;;;;;
Urothoidae;;;;;;;;;;;;;;;;;;;
Uteriporidae;;;;;;;;;;;;;;;;;;;
Valenciidae;;;;;;;;;;;;;;;;;;;
Valettiopsidae;;;;;;;;;;;;;;;;;;;
Coeloplanidae;;;;;;;;;;;;;;;;;;;
Allodiscocotylidae;;;;;;;;;;;;;;;;;;;
Onychognathiidae;;;;;;;;;;;;;;;;;;;
Vampyroteuthidae;;;;;;;;;;;;;;;;;;;
Vanhorniidae;;;;;;;;;;;;;;;;;;;
Varanidae;;;;;;;;;;;;;;;;;;;
Varroidae;;;;;;;;;;;;;;;;;;;
Turbinellidae;;;;;;;;;;;;;;;;;;;
Verticordiidae;;;;;;;;;;;;;;;;;;;
Vesperidae;;;;;;;;;;;;;;;;;;;
Vetulinidae;;;;;;;;;;;;;;;;;;;
Vibiliidae;;;;;;;;;;;;;;;;;;;
Vireonidae;;;;;;;;;;;;;;;;;;;
Pneumospiruridae;;;;;;;;;;;;;;;;;;;
Rhizoridae;;;;;;;;;;;;;;;;;;;
Walkeriidae;;;;;;;;;;;;;;;;;;;
Watersiporidae;;;;;;;;;;;;;;;;;;;
Wettinidae;;;;;;;;;;;;;;;;;;;
Pseudodiclidophoridae;;;;;;;;;;;;;;;;;;;
Withiidae;;;;;;;;;;;;;;;;;;;
Urodidae;;;;;;;;;;;;;;;;;;;
Xenasteiidae;;;;;;;;;;;;;;;;;;;
Xenillidae;;;;;;;;;;;;;;;;;;;
Eleotridae;;;;;;;;;;;;;;;;;;;
Xennellidae;;;;;;;;;;;;;;;;;;;
Xenodasyidae;;;;;;;;;;;;;;;;;;;
Pipidae;;;;;;;;;;;;;;;;;;;
Xenoturbellidae;;;;;;;;;;;;;;;;;;;
Xerobdellidae;;;;;;;;;;;;;;;;;;;
Petrosiidae;;;;;;;;;;;;;;;;;;;
Xiphiidae;;;;;;;;;;;;;;;;;;;
Xiphinematidae;;;;;;;;;;;;;;;;;;;
Xylodisculidae;;;;;;;;;;;;;;;;;;;
Xylophagaidae;;;;;;;;;;;;;;;;;;;
Congiopodidae;;;;;;;;;;;;;;;;;;;
Zanclidae;;;;;;;;;;;;;;;;;;;
Zebinidae;;;;;;;;;;;;;;;;;;;
Zelinkaderidae;;;;;;;;;;;;;;;;;;;
Zeniontidae;;;;;;;;;;;;;;;;;;;
Zeidae;;;;;;;;;;;;;;;;;;;
Zephronidae;;;;;;;;;;;;;;;;;;;
Zerotulidae;;;;;;;;;;;;;;;;;;;
Septocrinidae;;;;;;;;;;;;;;;;;;;
Megalopodidae;;;;;;;;;;;;;;;;;;;
Zoridae;;;;;;;;;;;;;;;;;;;
Zoroasteridae;;;;;;;;;;;;;;;;;;;
Zygonemertidae;;;;;;;;;;;;;;;;;;;
Neobisium cf. imbecillum;Arthropoda;Arachnida;Pseudoscorpiones;Neobisiidae
Neobisium cf. macrodactylum;Arthropoda;Arachnida;Pseudoscorpiones;Neobisiidae
Chthonius cf. cavernarum;Arthropoda;Arachnida;Pseudoscorpiones;Chthoniidae
Rhyacopila cf. glareosa;Arthropoda;Insecta;Trichoptera;Rhyacophilidae
Tinodes cf. portolafia;Arthropoda;Insecta;Trichoptera;Psychomyiidae
Roncus cf. italicus;Arthropoda;Arachnida;Pseudoscorpiones;Neobisiidae
Mesostalita cf. kratochvili;Arthropoda;Arachnida;Araneae;Dysderidae
Histopona cf. conveniens;Arthropoda;Arachnida;Araneae;Agelenidae
Leucothoe cf. incisa;Arthropoda;Malacostraca;Amphipoda;Leucothoidae
Mordellistena cf. episternalis;Arthropoda;Insecta;Coleoptera;Mordellidae
Neobisium sp. 18JN;Arthropoda;Arachnida;Pseudoscorpiones;Neobisiidae
Osmia cf. tricornis;Arthropoda;Insecta;Hymenoptera;Megachilidae
Hylaeus sp. 1;Arthropoda;Insecta;Hymenoptera;Colletidae
Stenalia cf. graeca;Arthropoda;Insecta;Coleoptera;Mordellidae
Neobisium sp. 23JN;Arthropoda;Arachnida;Pseudoscorpiones;Neobisiidae
Tegenaria cf. bosnica;Arthropoda;Arachnida;Araneae;Agelenidae
Chthonius cf. absoloni;Arthropoda;Arachnida;Pseudoscorpiones;Chthoniidae
Ampelisca cf. brevicornis;Arthropoda;Malacostraca;Amphipoda;Ampeliscidae
Neobisium sp. 13JN;Arthropoda;Arachnida;Pseudoscorpiones;Neobisiidae
Neobisium sp. 8JN;Arthropoda;Arachnida;Pseudoscorpiones;Neobisiidae
Megacyclops sp. 2AH;Arthropoda;Copepoda;Cyclopoida;Cyclopidae
Rheocricotopus sp. 1SW;Arthropoda;Insecta;Diptera;Chironomidae
Thienemanniella sp. 3TE;Arthropoda;Insecta;Diptera;Chironomidae
Schizopelex cf. persica;Arthropoda;Insecta;Trichoptera;Sericostomatidae
Ablabesmyia sp. 2ES;Arthropoda;Insecta;Diptera;Chironomidae
Pariambus cf. typicus;Arthropoda;Malacostraca;Amphipoda;Caprellidae
Eusirus cf. leptocarpus;Arthropoda;Malacostraca;Amphipoda;Eusiridae
Roncus sp. 2JN;Arthropoda;Arachnida;Pseudoscorpiones;Neobisiidae
Neobisium sp. 12JN;Arthropoda;Arachnida;Pseudoscorpiones;Neobisiidae
Dexamine cf. spinosa;Arthropoda;Malacostraca;Amphipoda;Dexaminidae
Micropsectra cf. andalusiaca;Arthropoda;Insecta;Diptera;Chironomidae
Gryllotalpa cf. stepposa;Arthropoda;Insecta;Orthoptera;Gryllotalpidae
Neobisium sp. 17JN;Arthropoda;Arachnida;Pseudoscorpiones;Neobisiidae
Neobisium cf. velebiticum;Arthropoda;Arachnida;Pseudoscorpiones;Neobisiidae
Tegenaria cf. bayeri;Arthropoda;Arachnida;Araneae;Agelenidae
Stenalia cf. brunneipennis;Arthropoda;Insecta;Coleoptera;Mordellidae
Ephippiochthonius sp. 1JN;Arthropoda;Arachnida;Pseudoscorpiones;Chthoniidae
Beraea cf. rostrata;Arthropoda;Insecta;Trichoptera;Beraeidae
Mordella cf. leucaspis;Arthropoda;Insecta;Coleoptera;Mordellidae
Neobisium sp. 6JN;Arthropoda;Arachnida;Pseudoscorpiones;Neobisiidae
Diplectrona cf. vairya;Arthropoda;Insecta;Trichoptera;Hydropsychidae
Tinodes cf. turbulentus;Arthropoda;Insecta;Trichoptera;Psychomyiidae
Glossosoma cf. capitatum;Arthropoda;Insecta;Trichoptera;Glossosomatidae
Neobisium sp. 9JN;Arthropoda;Arachnida;Pseudoscorpiones;Neobisiidae
Corynoneura sp. 18ES;Arthropoda;Insecta;Diptera;Chironomidae
Tryphosa cf. nana;Arthropoda;Malacostraca;Amphipoda;Tryphosidae
Neobisium cf. reimoseri;Arthropoda;Arachnida;Pseudoscorpiones;Neobisiidae
Neobisium sp. 1JN;Arthropoda;Arachnida;Pseudoscorpiones;Neobisiidae
Tinodes 1039166 sp. nov.;Arthropoda;Insecta;Trichoptera;Psychomyiidae
Neobisium sp. 19JN;Arthropoda;Arachnida;Pseudoscorpiones;Neobisiidae
Lithax cf. incanus;Arthropoda;Insecta;Trichoptera;Goeridae
Forficula cf. auricolaria;Arthropoda;Insecta;Dermaptera;Forficulidae
Neobisium cf. stribogi;Arthropoda;Arachnida;Pseudoscorpiones;Neobisiidae
Troglohyphantes cf. strandi;Arthropoda;Arachnida;Araneae;Linyphiidae
Microchthonius cf. elegantissimus;Arthropoda;Arachnida;Pseudoscorpiones;Chthoniidae
Neobisium sp. 11JN;Arthropoda;Arachnida;Pseudoscorpiones;Neobisiidae
Micropsectra sp. 5ES;Arthropoda;Insecta;Diptera;Chironomidae
Alpioniscus cf. thracicus;Arthropoda;Malacostraca;Isopoda;Trichoniscidae
Syrrhoe sp. A;Arthropoda;Malacostraca;Amphipoda;Synopiidae
Wormaldia cf. bulgarica;Arthropoda;Insecta;Trichoptera;Philopotamidae
Neobisium sp. 20JN;Arthropoda;Arachnida;Pseudoscorpiones;Neobisiidae
Neobisium sp. 16JN;Arthropoda;Arachnida;Pseudoscorpiones;Neobisiidae
Micrasema cf. bifoliatum;Arthropoda;Insecta;Trichoptera;Brachycentridae
Stenotaenia cf. antecribellata;Arthropoda;Chilopoda;Geophilomorpha;Geophilidae
Neobisium sp. 15JN;Arthropoda;Arachnida;Pseudoscorpiones;Neobisiidae
Campylaspis var.;Arthropoda;Malacostraca;Cumacea;Nannastacidae
Stenotaenia cf. cribelliger;Arthropoda;Chilopoda;Geophilomorpha;Geophilidae
Neobisium sp. 22JN;Arthropoda;Arachnida;Pseudoscorpiones;Neobisiidae
Neobisium sp. 2JN;Arthropoda;Arachnida;Pseudoscorpiones;Neobisiidae
Mordellistena cf. intersecta;Arthropoda;Insecta;Coleoptera;Mordellidae
Neobisium cf. phineum;Arthropoda;Arachnida;Pseudoscorpiones;Neobisiidae
Thienemanniella cf. cubita;Arthropoda;Insecta;Diptera;Chironomidae
Neobisium cf. spelaeum;Arthropoda;Arachnida;Pseudoscorpiones;Neobisiidae
Neobisium sp. 4JN;Arthropoda;Arachnida;Pseudoscorpiones;Neobisiidae
Hydropsyche cf. mahrkusha;Arthropoda;Insecta;Trichoptera;Hydropsychidae
Forcipomyia sp. 17ES;Arthropoda;Insecta;Diptera;Ceratopogonidae
Podocerus cf. brasiliensis;Arthropoda;Malacostraca;Amphipoda;Podoceridae
Sagittogethes cf. maurus;Arthropoda;Insecta;Coleoptera;Nitidulidae
Megacyclops sp. 1AH;Arthropoda;Copepoda;Cyclopoida;Cyclopidae
Nototropis cf. massiliensis;Arthropoda;Malacostraca;Amphipoda;Atylidae
species;Phylum;Class;Order;Family
Tinodes cf. cheitan;Arthropoda;Insecta;Trichoptera;Psychomyiidae
Dinarthrum cf. iranicum;Arthropoda;Insecta;Trichoptera;Lepidostomatidae
Clinopodes cf. trebevicensis;Arthropoda;Chilopoda;Geophilomorpha;Geophilidae
Chthonius cf. magnificus;Arthropoda;Arachnida;Pseudoscorpiones;Chthoniidae
Forficula cf. silana;Arthropoda;Insecta;Dermaptera;Forficulidae
Tinodes cf. janssensi;Arthropoda;Insecta;Trichoptera;Psychomyiidae
Mordellistena cf. peloponnesensis;Arthropoda;Insecta;Coleoptera;Mordellidae
Neobisium sp. 21JN;Arthropoda;Arachnida;Pseudoscorpiones;Neobisiidae
Tettigonia cf. viridissima;Arthropoda;Insecta;Orthoptera;Tettigoniidae
Afrogehtes cf. planiusculus;Arthropoda;Insecta;Coleoptera;Nitidulidae
Jassa cf. marmorata;Arthropoda;Malacostraca;Amphipoda;Ischyroceridae
Microprotopus cf. maculatus;Arthropoda;Malacostraca;Amphipoda;Microprotopidae
Eresus sp. CHMR nov.;Arthropoda;Arachnida;Araneae;Eresidae
Myriochele cf. olgae;Annelida;Polychaeta;Sabellida;Oweniidae
Micropsectra sp. 3ES;Arthropoda;Insecta;Diptera;Chironomidae
Tinodes cf. difficilis;Arthropoda;Insecta;Trichoptera;Psychomyiidae
Limax cf. maximus;Mollusca;Gastropoda;Stylommatophora;Limacidae
Oedipoda cf. germanica;Arthropoda;Insecta;Orthoptera;Acrididae
Tegenaria cf. decolorata;Arthropoda;Arachnida;Araneae;Agelenidae
Zangherella cf. algerica;Arthropoda;Arachnida;Araneae;Anapidae
Brachypterolus cf. anthirrhini;Arthropoda;Insecta;Coleoptera;Kateretidae
Pseudorthocladius cf. curtistylus;Arthropoda;Insecta;Diptera;Chironomidae
Stenalia cf. bisecta;Arthropoda;Insecta;Coleoptera;Mordellidae
Neobisium sp. 14JN;Arthropoda;Arachnida;Pseudoscorpiones;Neobisiidae
Agapetus 1039171 sp. nov.;Arthropoda;Insecta;Trichoptera;Glossosomatidae
Megasyllis cf. procera;Annelida;Polychaeta;Phyllodocida;Syllidae
Neobisium sp. 7JN;Arthropoda;Arachnida;Pseudoscorpiones;Neobisiidae
Folkia cf. mrazeki;Arthropoda;Arachnida;Araneae;Dysderidae
Elasmopus cf. rapax;Arthropoda;Malacostraca;Amphipoda;Maeridae
Gammaropsis sp. B;Arthropoda;Malacostraca;Amphipoda;Photidae
Neobisium sp. 5JN;Arthropoda;Arachnida;Pseudoscorpiones;Neobisiidae
Tegenaria cf. annulata;Arthropoda;Arachnida;Araneae;Agelenidae
Barusia cf. maheni;Arthropoda;Arachnida;Araneae;Leptonetidae
Agapetus 1039183 sp. nov.;Arthropoda;Insecta;Trichoptera;Glossosomatidae
Rhyacophila 1039151 sp. nov.;Arthropoda;Insecta;Trichoptera;Rhyacophilidae
Chthonius cf. raridentatus;Arthropoda;Arachnida;Pseudoscorpiones;Chthoniidae
Roncus cf. caucasicus;Arthropoda;Arachnida;Pseudoscorpiones;Neobisiidae
Troglohyphantes cf. excavatus;Arthropoda;Arachnida;Araneae;Linyphiidae
Neobisium cf. davidbengurioni;Arthropoda;Arachnida;Pseudoscorpiones;Neobisiidae
Mystacides 1039153 sp. nov.;Arthropoda;Insecta;Trichoptera;Leptoceridae
Hydroptila cf. armathai;Arthropoda;Insecta;Trichoptera;Hydroptilidae
Neobisium sp. 3JN;Arthropoda;Arachnida;Pseudoscorpiones;Neobisiidae
Neobisium cf. heros;Arthropoda;Arachnida;Pseudoscorpiones;Neobisiidae
Mordellistena cf. hirtipes;Arthropoda;Insecta;Coleoptera;Mordellidae
Neobisium cf. stygium;Arthropoda;Arachnida;Pseudoscorpiones;Neobisiidae
Mordella cf. purpurescens;Arthropoda;Insecta;Coleoptera;Mordellidae
Megacyclops sp. 3AH;Arthropoda;Copepoda;Cyclopoida;Cyclopidae
Mordella cf. vestita;Arthropoda;Insecta;Coleoptera;Mordellidae
Dysdera cf. kollari;Arthropoda;Arachnida;Araneae;Dysderidae
Micropsectra sp. 2ES;Arthropoda;Insecta;Diptera;Chironomidae
Neobisium sp. 10JN;Arthropoda;Arachnida;Pseudoscorpiones;Neobisiidae
Rhode cf. subterranea;Arthropoda;Arachnida;Araneae;Dysderidae
Rhyacophila cf. aberrans;Arthropoda;Insecta;Trichoptera;Rhyacophilidae
Roncus sp. 1JN;Arthropoda;Arachnida;Pseudoscorpiones;Neobisiidae
Chthonius cf. pristani;Arthropoda;Arachnida;Pseudoscorpiones;Chthoniidae
Troglohyphantes cf. kordunlikanus;Arthropoda;Arachnida;Araneae;Linyphiidae
Megacyclops sp. 4AH;Arthropoda;Copepoda;Cyclopoida;Cyclopidae
Seladonia cf. tumulorum;Arthropoda;Insecta;Hymenoptera;Halictidae
Mediimorta cf. attalica;Arthropoda;Insecta;Coleoptera;Mordellidae
Harmothoe cf. rarispina;Annelida;Polychaeta;Phyllodocida;Polynoidae
Laticorophium cf. baconi;Arthropoda;Malacostraca;Amphipoda;Corophiidae
Alvania aff. moerchii;Mollusca;Gastropoda;Littorinimorpha;Rissoidae
Culicoides pictipennis s.l.;Arthropoda;Insecta;Diptera;Ceratopogonidae
Culex pipiens sl;Arthropoda;Insecta;Diptera;Culicidae
Antilurga cabrerai;Arthropoda;Insecta;Lepidoptera;Geometridae
Culex pipiens s.l.;Arthropoda;Insecta;Diptera;Culicidae
Charissa mucidaria;Arthropoda;Insecta;Lepidoptera;Geometridae
